Recency,Frequency,Monetary,Cluster
326,2,24692.0,1
2,182,2247154.0,0
75,31,382788.0,0
19,73,901477.0,0
310,17,209950.0,1
36,95,1173440.0,0
204,4,49412.0,1
232,58,716532.0,1
214,13,160615.0,1
23,59,729004.0,0
33,131,1618767.0,0
2,19,234802.0,0
8,251,3102109.0,0
52,129,1594440.0,0
287,10,123610.0,1
3,274,3387188.0,0
110,23,284349.0,0
8,85,1050940.0,0
291,23,284395.0,1
4,11,136037.0,0
51,166,2053420.0,0
45,63,779373.0,0
72,52,643344.0,0
311,14,173222.0,1
25,33,408342.0,0
3,18,222750.0,0
315,77,953029.0,1
130,219,2710782.0,0
82,41,507539.0,0
22,105,1299900.0,0
5,91,1126671.0,0
185,100,1238300.0,1
29,30,371520.0,0
338,10,123860.0,1
16,100,1238800.0,0
80,32,396480.0,0
22,93,1152363.0,0
72,64,793152.0,0
64,27,334638.0,0
16,159,1970805.0,0
36,126,1562022.0,0
46,85,1053830.0,0
119,59,731541.0,0
303,5,62005.0,1
323,11,136422.0,1
50,6,74418.0,0
149,54,669870.0,1
22,108,1339848.0,0
50,77,955339.0,0
33,113,1402104.0,0
79,114,1414626.0,0
301,28,347480.0,1
75,61,757132.0,0
67,40,496520.0,0
217,18,223452.0,1
24,778,9658870.0,3
3,198,2458566.0,0
113,34,422212.0,0
64,29,360180.0,0
16,46,571366.0,0
96,39,484458.0,0
1,126,1565298.0,0
163,30,372720.0,1
78,36,447300.0,0
195,30,372780.0,1
12,35,434945.0,0
26,300,3728400.0,0
9,97,1205613.0,0
43,11,136730.0,0
36,239,2971009.0,0
43,108,1342656.0,0
1,420,5221860.0,3
85,54,671436.0,0
80,36,447660.0,0
100,16,198976.0,0
2,201,2499837.0,0
14,98,1218924.0,0
367,11,136851.0,1
3,12,149304.0,0
21,177,2202588.0,0
22,4,49780.0,0
58,58,721868.0,0
243,26,323622.0,1
44,22,273856.0,0
22,191,2377759.0,0
156,8,99600.0,1
11,355,4420105.0,3
17,23,286396.0,0
134,43,535479.0,0
53,30,373620.0,0
73,90,1120950.0,0
44,129,1606824.0,0
58,68,847076.0,0
71,38,473404.0,0
94,35,436135.0,0
2,72,897264.0,0
46,88,1096744.0,0
10,29,361456.0,0
8,51,635715.0,0
143,40,498720.0,0
2,530,6609630.0,3
31,391,4876552.0,3
29,178,2220194.0,0
17,455,5675670.0,3
54,36,449100.0,0
1,264,3293664.0,0
23,308,3842916.0,0
4,36,449208.0,0
4,35,436765.0,0
28,154,1921920.0,0
23,217,2708377.0,0
17,81,1011123.0,0
33,347,4331948.0,3
10,55,686840.0,0
336,15,187335.0,1
5,245,3060050.0,0
39,26,324766.0,0
63,20,249840.0,0
166,23,287339.0,1
10,84,1049496.0,0
82,14,174958.0,0
21,23,287454.0,0
23,65,812500.0,0
315,160,2000160.0,1
96,147,1837794.0,0
338,1,12503.0,1
18,15,187560.0,0
301,1,12505.0,1
233,23,287638.0,1
134,23,287661.0,0
26,68,850544.0,0
284,7,87563.0,1
143,33,412830.0,0
66,31,387872.0,0
85,36,450468.0,0
267,51,638214.0,1
353,16,200240.0,1
78,26,325416.0,0
28,281,3517277.0,0
1,124,1552232.0,0
64,17,212823.0,0
79,155,1940600.0,0
143,38,475798.0,0
39,12,150264.0,0
2,110,1377530.0,0
9,144,1803456.0,0
1,71,889346.0,0
82,18,225486.0,0
9,95,1190160.0,0
60,68,852040.0,0
15,17,213027.0,0
30,16,200512.0,0
131,63,789642.0,0
92,34,426190.0,0
8,273,3422328.0,0
29,21,263298.0,0
22,274,3435686.0,0
20,481,6031740.0,3
30,52,652132.0,0
30,20,250880.0,0
75,50,627250.0,0
47,70,878220.0,0
198,8,100376.0,1
166,5,62740.0,1
79,57,715350.0,0
358,10,125510.0,1
39,20,251040.0,0
8,196,2460388.0,0
50,119,1494164.0,0
16,33,414381.0,0
2,22,276276.0,0
311,22,276298.0,1
5,111,1394160.0,0
303,16,200976.0,1
8,168,2110416.0,0
261,21,263844.0,1
282,10,125650.0,1
73,20,251320.0,0
23,463,5818521.0,3
2,191,2400679.0,0
40,34,427414.0,0
9,62,779464.0,0
227,28,352044.0,1
316,11,138314.0,1
36,89,1119264.0,0
35,147,1848819.0,0
21,120,1509360.0,0
73,31,389949.0,0
247,24,301920.0,1
40,15,188715.0,0
239,22,276804.0,1
3,251,3158333.0,0
4,126,1585584.0,0
234,97,1220745.0,1
17,12,151032.0,0
8,4,50348.0,0
39,10,125880.0,0
29,35,440615.0,0
190,70,881300.0,1
317,26,327366.0,1
92,18,226656.0,0
109,21,264453.0,0
38,119,1498686.0,0
51,27,340092.0,0
19,214,2695758.0,0
10,133,1675534.0,0
29,62,781138.0,0
29,65,819000.0,0
190,29,365429.0,1
59,12,151224.0,0
22,3,37809.0,0
79,16,201664.0,0
365,3,37815.0,1
58,202,2546614.0,0
78,60,756540.0,0
23,111,1399710.0,0
52,65,819715.0,0
58,21,264852.0,0
31,163,2055919.0,0
278,20,252280.0,1
2,105,1324575.0,0
85,36,454176.0,0
29,41,517297.0,0
22,11,138798.0,0
16,95,1198805.0,0
15,92,1161040.0,0
2,474,5982354.0,3
232,11,138842.0,1
276,18,227214.0,1
106,38,479712.0,0
212,91,1148875.0,1
23,307,3876182.0,0
11,230,2904210.0,0
4,43,543004.0,0
10,64,808320.0,0
57,31,391561.0,0
59,103,1301199.0,0
90,101,1276135.0,0
67,386,4877882.0,3
33,39,492882.0,0
239,22,278058.0,1
24,53,669920.0,0
115,10,126410.0,0
25,47,594174.0,0
128,24,303432.0,0
130,31,391964.0,0
34,74,935730.0,0
5,45,569070.0,0
22,128,1618816.0,0
155,21,265608.0,1
107,33,417417.0,0
3,20,253000.0,0
335,9,113859.0,1
322,51,645252.0,1
149,43,544079.0,1
11,38,480852.0,0
17,130,1645280.0,0
11,56,708792.0,0
19,36,455688.0,0
30,5,63295.0,0
11,13,164580.0,0
1,232,2937584.0,0
8,38,481232.0,0
325,4,50660.0,1
359,2,25332.0,1
58,33,418011.0,0
7,168,2128224.0,0
151,102,1292238.0,1
10,94,1190980.0,0
330,10,126720.0,1
5,42,532266.0,0
12,90,1140660.0,0
25,45,570420.0,0
42,167,2117226.0,0
52,56,710024.0,0
1,52,659360.0,0
15,646,8191926.0,3
4,524,6645368.0,3
4,362,4591246.0,3
8,105,1331820.0,0
28,157,1991545.0,0
372,7,88802.0,1
114,171,2169648.0,0
26,72,913608.0,0
206,16,203040.0,1
28,32,406112.0,0
121,41,520413.0,0
70,37,469678.0,0
7,27,342765.0,0
21,43,545971.0,0
8,270,3429000.0,0
80,53,673153.0,0
20,12,152424.0,0
64,22,279466.0,0
7,90,1143360.0,0
15,348,4421340.0,3
292,33,419331.0,1
30,174,2211192.0,0
3,256,3253504.0,0
97,79,1004090.0,0
23,142,1805104.0,0
1,38,483094.0,0
9,259,3292926.0,0
106,20,254300.0,0
4,69,877404.0,0
151,56,712152.0,1
71,19,241642.0,0
5,42,534198.0,0
3,359,4566480.0,3
32,164,2086244.0,0
85,57,725154.0,0
4,69,877887.0,0
5,53,674372.0,0
371,24,305400.0,1
28,124,1578024.0,0
11,141,1794507.0,0
71,46,585488.0,0
114,26,330954.0,0
24,277,3526487.0,0
180,12,152784.0,1
234,22,280126.0,1
353,4,50936.0,1
315,43,547605.0,1
333,4,50944.0,1
372,11,140118.0,1
78,38,484082.0,0
64,27,343980.0,0
134,131,1669333.0,0
52,229,2918376.0,0
2,103,1312941.0,0
1,4459,56843332.0,2
4,231,2945019.0,0
129,15,191250.0,0
81,53,675856.0,0
4,230,2933190.0,0
236,65,829010.0,1
250,6,76530.0,1
87,4,51024.0,0
16,370,4720090.0,3
117,97,1237526.0,0
52,95,1212105.0,0
8,69,880578.0,0
138,18,229734.0,0
317,45,574380.0,1
4,310,3957460.0,3
239,32,408608.0,1
211,12,153240.0,1
60,55,702460.0,0
17,67,855925.0,0
20,51,651678.0,0
21,159,2031861.0,0
21,30,383430.0,0
5,107,1367674.0,0
2,86,1099338.0,0
9,57,728688.0,0
3,15,191775.0,0
10,20,255740.0,0
65,4,51156.0,0
192,21,268590.0,1
374,2,25582.0,1
257,25,319800.0,1
335,24,307032.0,1
53,45,575730.0,0
19,14,179130.0,0
360,17,217549.0,1
10,8,102384.0,0
184,26,332852.0,1
37,28,358624.0,0
168,26,333034.0,1
261,31,397141.0,1
45,15,192180.0,0
102,2,25628.0,0
148,47,602305.0,1
96,29,371664.0,0
281,4,51268.0,1
178,16,205088.0,1
3,59,756380.0,0
214,6,76926.0,1
71,47,602634.0,0
75,5,64115.0,0
60,25,320600.0,0
3,94,1205644.0,0
6,25,320675.0,0
3,56,718368.0,0
322,12,153948.0,1
38,39,500370.0,0
262,9,115479.0,1
32,27,346464.0,0
145,24,307992.0,1
283,18,231012.0,1
59,174,2233464.0,0
173,12,154044.0,1
34,120,1540560.0,0
3,316,4057124.0,3
144,116,1489440.0,0
5,433,5560153.0,3
70,34,436628.0,0
66,108,1387044.0,0
29,52,667888.0,0
267,27,346815.0,1
22,84,1079148.0,0
31,48,616752.0,0
97,47,603997.0,0
290,20,257040.0,1
108,84,1079652.0,0
79,114,1465356.0,0
373,3,38565.0,1
8,314,4036784.0,3
211,46,591422.0,1
52,6,77178.0,0
138,3,38592.0,0
26,96,1235040.0,0
283,26,334516.0,1
26,547,7038249.0,3
186,107,1376876.0,1
366,2,25740.0,1
84,11,141581.0,0
327,66,849552.0,1
282,4,51492.0,1
143,2,25750.0,1
58,85,1094460.0,0
4,154,1983058.0,0
18,49,631022.0,0
45,12,154548.0,0
276,7,90167.0,1
9,13,167466.0,0
25,42,541086.0,0
88,7,90188.0,0
63,72,927720.0,0
68,86,1108196.0,0
214,7,90216.0,1
24,79,1018310.0,0
186,3,38673.0,1
31,31,399683.0,0
42,24,309480.0,0
205,4,51588.0,1
9,125,1612625.0,0
265,10,129020.0,1
18,71,916184.0,0
12,63,813078.0,0
59,4,51632.0,0
40,96,1239264.0,0
23,75,968250.0,0
3,24,309888.0,0
5,50,645650.0,0
149,22,284130.0,1
139,105,1356180.0,0
128,2,25834.0,0
8,52,671788.0,0
17,27,348840.0,0
4,741,9574461.0,3
161,28,361816.0,1
64,28,361844.0,0
88,31,400644.0,0
5,45,581625.0,0
35,84,1085952.0,0
122,9,116361.0,0
78,27,349110.0,0
22,102,1318962.0,0
24,107,1383831.0,0
2,130,1681550.0,0
17,63,814968.0,0
15,120,1552440.0,0
26,9,116442.0,0
64,47,608133.0,0
46,100,1294000.0,0
131,70,905940.0,0
301,1,12943.0,1
36,30,388320.0,0
288,23,297735.0,1
144,103,1333541.0,0
16,118,1527864.0,0
31,219,2835831.0,0
2,23,297850.0,0
9,65,841815.0,0
6,80,1036160.0,0
10,17,220201.0,0
1,183,2370765.0,0
306,19,246164.0,1
4,244,3161508.0,0
7,16,207392.0,0
8,96,1244448.0,0
89,108,1400220.0,0
10,10,129660.0,0
3,33,427911.0,0
112,5,64840.0,0
7,129,1673130.0,0
4,308,3995068.0,3
198,8,103792.0,1
212,22,285472.0,1
156,9,116793.0,1
156,24,311520.0,1
30,20,259620.0,0
240,34,441388.0,1
19,4,51936.0,0
1,78,1012830.0,0
74,30,389610.0,0
292,83,1078004.0,1
3,68,883252.0,0
31,13,168870.0,0
23,31,402721.0,0
23,27,350811.0,0
4,73,948562.0,0
78,5,64975.0,0
22,67,870799.0,0
196,28,363972.0,1
107,31,403000.0,0
4,340,4420340.0,3
318,7,91014.0,1
106,6,78018.0,0
12,409,5318636.0,3
174,29,377145.0,1
56,4,52024.0,0
323,15,195120.0,1
372,3,39033.0,1
9,106,1379272.0,0
1,222,2888886.0,0
3,124,1613736.0,0
53,175,2277625.0,0
73,47,611752.0,0
7,1,13017.0,0
16,459,5975262.0,3
4,134,1744814.0,0
64,40,520920.0,0
1,43,560118.0,0
114,26,338702.0,0
23,47,612316.0,0
31,10,130290.0,0
11,92,1198760.0,0
39,75,977400.0,0
357,11,143363.0,1
55,37,482258.0,0
58,30,391050.0,0
138,48,625776.0,0
80,28,365064.0,0
9,43,560720.0,0
254,14,182602.0,1
291,33,430452.0,1
99,18,234810.0,0
31,35,456610.0,0
32,196,2557212.0,0
14,136,1774528.0,0
64,14,182686.0,0
9,422,5507100.0,3
212,18,234936.0,1
64,78,1018290.0,0
25,8,104464.0,0
250,8,104472.0,1
254,15,195900.0,1
72,10,130610.0,0
191,11,143682.0,1
13,68,888352.0,0
373,14,182910.0,1
24,49,640234.0,0
82,15,196005.0,0
10,2,26136.0,0
1,469,6129361.0,3
192,9,117630.0,1
267,7,91504.0,1
130,22,287650.0,0
1,111,1451547.0,0
1,380,4969640.0,3
4,6,78474.0,0
179,6,78480.0,1
1,1061,13878941.0,3
126,75,981150.0,0
4,18,235494.0,0
158,29,379465.0,1
3,1853,24253917.0,3
9,161,2107490.0,0
21,24,314184.0,0
71,26,340392.0,0
267,170,2225810.0,1
21,30,392820.0,0
71,6,78570.0,0
33,435,5697195.0,3
1,605,7924290.0,3
99,1,13099.0,0
234,8,104808.0,1
1,310,4061620.0,3
40,8,104824.0,0
3,20,262080.0,0
129,2,26212.0,0
44,60,786420.0,0
373,10,131080.0,1
3,50,655450.0,0
31,146,1914060.0,0
1,280,3671640.0,0
9,132,1731180.0,0
117,31,406596.0,0
22,76,996892.0,0
20,82,1075676.0,0
239,1,13120.0,1
269,53,695413.0,1
94,55,721710.0,0
90,222,2913528.0,0
5,142,1863892.0,0
78,15,196905.0,0
94,2,26260.0,0
23,46,604026.0,0
262,3,39396.0,1
274,7,91931.0,1
73,105,1379070.0,0
197,1,13135.0,1
50,139,1825904.0,0
11,688,9038256.0,3
22,63,827694.0,0
16,174,2286186.0,0
108,45,591300.0,0
85,136,1787176.0,0
19,23,302266.0,0
333,3,39432.0,1
40,7,92015.0,0
26,17,223482.0,0
10,4,52588.0,0
29,340,4470320.0,3
14,86,1130814.0,0
203,75,986325.0,1
6,15,197295.0,0
144,1,13154.0,1
33,85,1118175.0,0
49,89,1170973.0,0
95,79,1039482.0,0
9,121,1592239.0,0
22,4,52640.0,0
313,8,105288.0,1
122,82,1079284.0,0
46,42,552930.0,0
282,42,552972.0,1
19,65,855855.0,0
36,128,1685504.0,0
64,13,171197.0,0
27,30,395100.0,0
8,48,632208.0,0
4,43,566439.0,0
16,293,3859982.0,0
46,67,882792.0,0
65,17,224009.0,0
26,265,3492170.0,0
45,11,145002.0,0
8,94,1239202.0,0
15,181,2386304.0,0
268,1,13185.0,1
40,84,1107624.0,0
337,37,487919.0,1
11,2,26376.0,0
19,29,382481.0,0
95,63,831096.0,0
61,25,329825.0,0
136,3,39582.0,0
11,110,1451560.0,0
10,229,3022342.0,0
4,120,1583880.0,0
19,46,607200.0,0
10,57,752571.0,0
15,8,105656.0,0
59,149,1967992.0,0
30,329,4345761.0,3
94,22,290620.0,0
10,55,726605.0,0
9,142,1876104.0,0
57,92,1215596.0,0
268,5,66080.0,1
122,7,92519.0,0
127,5,66090.0,0
78,21,277620.0,0
240,66,872586.0,1
200,5,66115.0,1
60,109,1441416.0,0
3,34,449650.0,0
273,16,211616.0,1
202,9,119043.0,1
81,2,26456.0,0
226,10,132290.0,1
4,588,7779240.0,3
13,202,2672864.0,0
74,43,569019.0,0
212,59,780865.0,1
25,39,516204.0,0
11,32,423616.0,0
262,22,291258.0,1
96,67,887080.0,0
112,13,172146.0,0
203,57,754851.0,1
93,27,357588.0,0
51,16,211920.0,0
18,138,1827948.0,0
18,25,331175.0,0
125,26,344448.0,0
92,23,304727.0,0
157,36,477108.0,1
4,14,185570.0,0
14,1,13256.0,0
12,36,477288.0,0
62,81,1073979.0,0
61,8,106080.0,0
269,9,119349.0,1
263,11,145882.0,1
1,1667,22109421.0,3
53,90,1193850.0,0
11,202,2679732.0,0
3,224,2971808.0,0
18,440,5837920.0,3
1,319,4232811.0,3
366,1,13270.0,1
37,92,1220932.0,0
31,15,199080.0,0
113,16,212368.0,0
64,30,398280.0,0
16,8,106216.0,0
41,46,610788.0,0
64,11,146069.0,0
122,82,1088960.0,0
18,40,531280.0,0
60,7,92981.0,0
323,14,185976.0,1
23,187,2484295.0,0
156,42,558222.0,1
39,31,412052.0,0
190,54,717876.0,1
360,11,146245.0,1
137,5,66480.0,0
8,59,784523.0,0
1,2,26596.0,0
268,5,66495.0,1
165,22,292600.0,1
104,81,1077381.0,0
155,1,13302.0,1
351,21,279384.0,1
4,81,1077705.0,0
120,1,13307.0,0
23,57,758556.0,0
7,107,1424063.0,0
9,77,1024870.0,0
4,26,346086.0,0
22,78,1038414.0,0
2,74,985236.0,0
37,87,1158492.0,0
64,135,1797795.0,0
1,20,266360.0,0
5,500,6659500.0,3
70,109,1451880.0,0
72,11,146531.0,0
17,25,333050.0,0
3,21,279783.0,0
32,77,1025948.0,0
82,12,159900.0,0
39,109,1452643.0,0
316,17,226576.0,1
32,19,253251.0,0
93,53,706490.0,0
14,21,279972.0,0
82,265,3533510.0,0
77,51,680136.0,0
154,24,320112.0,1
201,54,720306.0,1
45,134,1787560.0,0
261,42,560322.0,1
173,22,293546.0,1
68,116,1547904.0,0
277,22,293590.0,1
70,8,106776.0,0
64,14,186872.0,0
11,16,213584.0,0
16,43,574050.0,0
66,16,213616.0,0
8,27,360504.0,0
71,51,681054.0,0
122,32,427360.0,0
80,42,560952.0,0
257,89,1188773.0,1
269,29,387382.0,1
59,24,320616.0,0
3,169,2258178.0,0
18,60,801780.0,0
67,20,267280.0,0
9,132,1764180.0,0
50,1,13366.0,0
257,29,387672.0,1
354,19,254011.0,1
366,44,588280.0,1
90,23,307556.0,0
61,158,2112934.0,0
81,38,508250.0,0
99,53,708928.0,0
26,97,1297763.0,0
21,173,2314913.0,0
281,15,200730.0,1
31,155,2074520.0,0
330,35,468475.0,1
121,36,481968.0,0
11,51,682839.0,0
75,13,174070.0,0
204,1,13391.0,1
2,164,2196616.0,0
185,21,281295.0,1
22,47,629612.0,0
73,39,522483.0,0
192,26,348348.0,1
127,39,522678.0,0
18,3,40209.0,0
1,11,147444.0,0
74,27,361935.0,0
2,501,6717408.0,3
9,30,402300.0,0
107,18,241398.0,0
134,24,321936.0,0
44,19,254904.0,0
5,28,375676.0,0
12,314,4213252.0,3
64,16,214704.0,0
135,10,134200.0,0
40,103,1382363.0,0
51,128,1718016.0,0
108,78,1047150.0,0
1,159,2134734.0,0
19,29,389383.0,0
10,71,953388.0,0
11,67,899743.0,0
19,54,725220.0,0
67,46,617826.0,0
74,10,134340.0,0
5,103,1383805.0,0
2,12,161232.0,0
14,167,2243979.0,0
255,54,725706.0,1
92,13,174733.0,0
23,62,833714.0,0
17,198,2662704.0,0
24,19,255531.0,0
27,71,954950.0,0
26,434,5837734.0,3
259,2,26904.0,1
166,17,228701.0,1
25,53,713115.0,0
18,65,874640.0,0
7,394,5302452.0,3
29,17,228820.0,0
39,27,363447.0,0
183,10,134620.0,1
58,41,552024.0,0
100,18,242388.0,0
11,98,1319766.0,0
2,306,4121208.0,3
99,10,134700.0,0
1,254,3421634.0,0
61,22,296406.0,0
236,62,835388.0,1
191,86,1158850.0,1
179,61,822036.0,1
38,81,1091637.0,0
198,16,215664.0,1
46,112,1509872.0,0
232,11,148302.0,1
66,10,134830.0,0
241,8,107872.0,1
233,23,310155.0,1
78,69,930534.0,0
58,34,458558.0,0
17,427,5759376.0,3
105,14,188846.0,0
52,86,1160226.0,0
136,50,674600.0,0
275,8,107944.0,1
312,18,242892.0,1
8,52,701740.0,0
11,36,485856.0,0
283,20,269940.0,1
18,45,607455.0,0
23,67,904500.0,0
243,53,715553.0,1
17,18,243036.0,0
71,17,229551.0,0
64,22,297088.0,0
68,227,3065635.0,0
312,29,391674.0,1
3,162,2188134.0,0
244,12,162096.0,1
9,44,594396.0,0
1,117,1580670.0,0
261,15,202680.0,1
127,10,135130.0,0
74,4,54056.0,0
73,59,797385.0,0
21,44,594704.0,0
60,143,1932931.0,0
86,36,486648.0,0
50,9,121671.0,0
59,95,1284400.0,0
1,418,5651778.0,3
30,5,67610.0,0
33,177,2393571.0,0
41,27,365148.0,0
15,6,81150.0,0
34,218,2948886.0,0
79,15,202935.0,0
205,22,297682.0,1
34,66,893112.0,0
183,75,1014975.0,1
2,342,4628628.0,3
1,178,2409408.0,0
43,25,338450.0,0
86,38,514482.0,0
40,78,1056432.0,0
12,97,1313962.0,0
96,123,1666404.0,0
26,52,704548.0,0
319,4,54204.0,1
66,121,1639792.0,0
74,135,1829925.0,0
28,34,460938.0,0
6,169,2291302.0,0
7,32,433920.0,0
216,14,189854.0,1
82,82,1112084.0,0
84,49,664587.0,0
144,83,1125812.0,0
19,38,515470.0,0
41,169,2292654.0,0
173,43,583424.0,1
17,79,1071951.0,0
243,27,366390.0,1
13,340,4614140.0,3
206,33,447876.0,1
50,25,339325.0,0
23,46,624450.0,0
10,130,1764880.0,0
25,85,1154045.0,0
15,23,312317.0,0
309,10,135810.0,1
156,53,719899.0,1
307,24,326016.0,1
32,11,149457.0,0
16,180,2445840.0,0
15,21,285369.0,0
11,89,1209510.0,0
65,58,788278.0,0
36,16,217472.0,0
108,128,1739904.0,0
53,26,353444.0,0
6,146,1985016.0,0
47,36,489528.0,0
1,263,3576537.0,0
312,19,258400.0,1
45,99,1346499.0,0
65,23,312846.0,0
26,27,367281.0,0
29,40,544240.0,0
40,97,1319879.0,0
12,217,2953370.0,0
89,74,1007214.0,0
24,195,2654730.0,0
313,24,326760.0,1
40,44,599148.0,0
174,13,177034.0,1
117,19,258799.0,0
31,83,1130709.0,0
253,19,258894.0,1
59,94,1280938.0,0
23,59,804111.0,0
5,80,1090400.0,0
100,12,163572.0,0
25,146,1990272.0,0
33,186,2535924.0,0
68,62,845370.0,0
37,64,872704.0,0
52,99,1350063.0,0
16,8,109104.0,0
74,40,545560.0,0
216,57,777594.0,1
31,28,382004.0,0
9,148,2019312.0,0
120,5,68225.0,0
10,79,1078113.0,0
257,23,313927.0,1
17,98,1337700.0,0
35,6,81906.0,0
46,63,860076.0,0
43,166,2266564.0,0
114,56,764680.0,0
165,49,669144.0,1
11,16,218512.0,0
10,112,1529696.0,0
197,107,1461513.0,1
86,57,778734.0,0
179,13,177619.0,1
60,12,163992.0,0
149,83,1134361.0,1
3,494,6751992.0,3
51,9,123021.0,0
75,25,341750.0,0
301,16,218752.0,1
19,60,820380.0,0
151,25,341875.0,1
152,16,218848.0,1
1,215,2941200.0,0
18,57,779817.0,0
187,3,41046.0,1
286,30,410520.0,1
3,39,533715.0,0
183,8,109488.0,1
63,6,82134.0,0
59,9,123210.0,0
25,55,753060.0,0
325,4,54772.0,1
4,584,7997296.0,3
31,90,1232550.0,0
39,12,164364.0,0
155,14,191786.0,1
26,194,2657800.0,0
318,1,13703.0,1
5,135,1850040.0,0
8,28,383740.0,0
303,20,274120.0,1
267,48,657936.0,1
271,49,671692.0,1
4,345,4729605.0,3
32,8,109680.0,0
219,13,178243.0,1
247,10,137120.0,1
281,107,1467505.0,1
269,21,288036.0,1
32,103,1412851.0,0
246,12,164616.0,1
15,60,823140.0,0
117,43,589960.0,0
36,28,384188.0,0
120,86,1180092.0,0
217,6,82338.0,1
50,118,1619550.0,0
39,42,576492.0,0
29,20,274540.0,0
37,63,864864.0,0
136,43,590390.0,0
219,38,521778.0,1
28,33,453156.0,0
25,207,2843145.0,0
5,193,2651048.0,0
200,30,412110.0,1
18,3,41217.0,0
241,23,316020.0,1
72,35,480935.0,0
17,315,4328730.0,3
3,42,577206.0,0
95,63,865872.0,0
151,26,357370.0,1
374,1,13747.0,1
96,28,384944.0,0
54,24,330000.0,0
288,9,123759.0,1
124,75,1031400.0,0
288,35,481355.0,1
152,12,165048.0,1
4,322,4429110.0,3
2,143,1967108.0,0
12,117,1609686.0,0
33,25,343975.0,0
54,57,784320.0,0
50,70,963270.0,0
204,14,192668.0,1
63,17,233971.0,0
71,207,2849148.0,0
2,399,5493033.0,3
2,143,1968967.0,0
64,120,1652520.0,0
34,173,2382556.0,0
82,22,303028.0,0
1,219,3017163.0,0
103,9,124002.0,0
7,57,785460.0,0
251,17,234277.0,1
13,113,1557366.0,0
10,31,427304.0,0
367,7,96502.0,1
76,31,427397.0,0
4,45,620550.0,0
43,17,234447.0,0
66,13,179296.0,0
1,438,6043524.0,3
117,39,538161.0,0
310,33,455400.0,1
67,23,317423.0,0
138,66,910932.0,0
255,17,234651.0,1
31,135,1863540.0,0
52,13,179465.0,0
64,10,138060.0,0
367,7,96649.0,1
6,76,1049408.0,0
305,12,165708.0,1
29,36,497160.0,0
184,14,193354.0,1
42,36,497232.0,0
40,71,980723.0,0
56,58,801212.0,0
22,177,2445255.0,0
24,33,455928.0,0
29,24,331608.0,0
302,36,497484.0,1
145,59,815439.0,0
6,96,1326912.0,0
19,40,552920.0,0
33,46,635904.0,0
158,12,165912.0,1
58,92,1272084.0,0
22,15,207420.0,0
359,1,13829.0,1
16,72,995832.0,0
18,4,55328.0,0
159,28,387324.0,1
25,55,760925.0,0
212,18,249066.0,1
6,165,2283270.0,0
253,1,13841.0,1
59,206,2851452.0,0
11,20,276880.0,0
65,9,124605.0,0
25,58,803068.0,0
92,5,69240.0,0
52,101,1398749.0,0
88,94,1301900.0,0
96,81,1121931.0,0
9,24,332472.0,0
9,114,1579356.0,0
169,17,235552.0,1
57,11,152438.0,0
326,28,388052.0,1
1,77,1067220.0,0
18,142,1968404.0,0
245,22,304986.0,1
58,30,415950.0,0
74,7,97062.0,0
31,60,832020.0,0
7,33,457644.0,0
123,304,4216176.0,0
2,118,1636660.0,0
23,338,4688398.0,3
120,24,332952.0,0
358,18,249732.0,1
54,104,1443000.0,0
64,7,97132.0,0
86,3,41631.0,0
55,35,485730.0,0
21,165,2290200.0,0
4,180,2498580.0,0
3,66,916212.0,0
1,155,2151865.0,0
7,60,833040.0,0
189,28,388780.0,1
71,16,222176.0,0
204,19,263853.0,1
120,39,541632.0,0
93,15,208335.0,0
1,114,1583460.0,0
27,27,375084.0,0
298,21,291753.0,1
22,30,416820.0,0
21,119,1653505.0,0
50,17,236249.0,0
326,12,166776.0,1
16,19,264081.0,0
183,43,597700.0,1
72,149,2071249.0,0
37,26,361504.0,0
80,126,1752408.0,0
57,148,2058828.0,0
4,34,473076.0,0
50,18,250506.0,0
50,30,417540.0,0
53,33,459327.0,0
352,7,97454.0,1
54,20,278460.0,0
2,137,1907588.0,0
36,45,626625.0,0
23,11,153186.0,0
75,21,292467.0,0
11,27,376056.0,0
169,10,139290.0,1
58,17,236810.0,0
86,59,821929.0,0
295,16,222912.0,1
109,23,320459.0,0
264,31,431954.0,1
171,27,376272.0,1
169,9,125433.0,1
35,7,97566.0,0
23,46,641194.0,0
17,49,683060.0,0
22,47,655227.0,0
79,11,153406.0,0
65,5,69735.0,0
361,3,41844.0,1
3,160,2231840.0,0
11,36,502200.0,0
176,39,544089.0,1
211,138,1925376.0,1
7,20,279060.0,0
2,30,418620.0,0
154,33,460515.0,1
5,147,2051532.0,0
372,5,69790.0,1
79,90,1256310.0,0
21,12,167520.0,0
22,11,153582.0,0
308,35,488705.0,1
146,2,27934.0,1
7,626,8744594.0,3
9,158,2207418.0,0
71,15,209580.0,0
287,11,153703.0,1
49,28,391272.0,0
31,331,4625725.0,3
207,10,139760.0,1
15,15,209670.0,0
73,54,754866.0,0
60,11,153780.0,0
39,115,1607930.0,0
30,112,1566096.0,0
27,17,237728.0,0
4,353,4936705.0,3
17,13,181818.0,0
20,239,3343132.0,0
66,41,573549.0,0
213,16,223840.0,1
12,84,1175244.0,0
30,5,69960.0,0
32,125,1749125.0,0
4,148,2071112.0,0
15,87,1217565.0,0
10,212,2967788.0,0
206,16,224000.0,1
46,40,560040.0,0
134,47,658094.0,0
43,171,2394684.0,0
10,84,1176420.0,0
116,30,420180.0,0
198,44,616396.0,1
278,11,154132.0,1
110,34,476442.0,0
77,39,546546.0,0
53,20,280300.0,0
154,162,2270592.0,0
47,68,953292.0,0
17,39,546780.0,0
155,22,308462.0,1
225,28,392616.0,1
7,31,434713.0,0
122,16,224384.0,0
61,6,84162.0,0
63,15,210435.0,0
18,242,3395260.0,0
7,258,3619998.0,0
2,152,2132864.0,0
22,89,1249026.0,0
29,66,926310.0,0
285,38,533368.0,1
176,28,393036.0,1
78,93,1305534.0,0
33,6,84234.0,0
41,235,3299400.0,0
266,21,294861.0,1
27,206,2893064.0,0
109,6,84270.0,0
284,14,196644.0,1
9,34,477598.0,0
277,88,1236224.0,1
17,495,6954255.0,3
32,54,758700.0,0
1,215,3020965.0,0
20,56,786912.0,0
124,4,56212.0,0
65,6,84324.0,0
106,10,140550.0,0
1,1110,15602160.0,3
24,290,4076530.0,0
267,8,112472.0,1
5,203,2854180.0,0
10,111,1560882.0,0
29,79,1111056.0,0
267,7,98462.0,1
64,52,731484.0,0
320,24,337632.0,1
4,332,4671572.0,3
21,14,197022.0,0
5,43,605225.0,0
129,44,619344.0,0
41,42,591234.0,0
102,65,915070.0,0
125,12,168948.0,0
33,4,56320.0,0
267,153,2154393.0,1
365,29,408378.0,1
4,177,2492691.0,0
2,449,6324165.0,3
3,69,972003.0,0
10,590,8311920.0,3
57,13,183157.0,0
325,1,14090.0,1
8,217,3057964.0,0
12,100,1409300.0,0
4,5128,72284288.0,2
37,21,296058.0,0
16,252,3552948.0,0
138,25,352500.0,0
74,35,493535.0,0
5,63,888426.0,0
155,21,296184.0,1
85,76,1071980.0,0
52,124,1749268.0,0
31,35,493780.0,0
23,14,197526.0,0
4,157,2215270.0,0
14,11,155221.0,0
23,173,2441376.0,0
4,40,564520.0,0
274,15,211710.0,1
20,72,1016352.0,0
144,3,42351.0,1
354,1,14119.0,1
4,161,2273481.0,0
84,5,70620.0,0
11,166,2344750.0,0
8,16,226016.0,0
123,44,621588.0,0
61,46,649888.0,0
2,52,734708.0,0
319,66,932580.0,1
2,201,2840532.0,0
130,30,423990.0,0
2,134,1894090.0,0
2,46,650348.0,0
46,26,367614.0,0
4,67,947380.0,0
3,46,650486.0,0
373,22,311124.0,1
134,7,99001.0,0
47,12,169740.0,0
9,245,3465770.0,0
49,6,84882.0,0
234,3,42444.0,1
213,40,565960.0,1
36,26,367900.0,0
75,50,707600.0,0
239,52,736008.0,1
266,6,84930.0,1
10,1415,20030740.0,3
20,47,665379.0,0
40,41,580478.0,0
20,1183,16750097.0,3
216,104,1472744.0,1
174,25,354050.0,1
87,52,736476.0,0
71,29,410756.0,0
276,24,339960.0,1
39,50,708350.0,0
98,58,821918.0,0
11,29,411017.0,0
33,26,368524.0,0
51,164,2324700.0,0
297,32,453632.0,1
85,42,595434.0,0
9,318,4508604.0,3
41,157,2226103.0,0
11,248,3516640.0,0
67,24,340416.0,0
331,3,42555.0,1
9,71,1007348.0,0
2,277,3930353.0,0
2,263,3732233.0,0
68,42,596106.0,0
5,604,8573176.0,3
202,8,113560.0,1
107,6,85176.0,0
4,44,624712.0,0
218,2,28398.0,1
60,39,553839.0,0
2,39,553956.0,0
11,39,553995.0,0
239,21,298326.0,1
95,10,142080.0,0
11,88,1250392.0,0
91,103,1463630.0,0
53,118,1676898.0,0
90,9,127908.0,0
372,5,71065.0,1
31,70,994980.0,0
12,109,1549435.0,0
3,59,838744.0,0
2,107,1521219.0,0
43,12,170616.0,0
4,7,99533.0,0
247,21,298620.0,1
42,194,2758874.0,0
177,41,583102.0,1
92,61,867603.0,0
110,113,1607312.0,0
29,72,1024272.0,0
26,183,2603541.0,0
52,43,611847.0,0
179,54,768474.0,1
32,118,1679376.0,0
44,36,512388.0,0
22,147,2092398.0,0
10,80,1138800.0,0
81,15,213540.0,0
373,9,128133.0,1
326,8,113904.0,1
43,116,1651724.0,0
30,42,598080.0,0
184,10,142410.0,1
235,16,227872.0,1
9,148,2107964.0,0
176,112,1595440.0,1
111,75,1068450.0,0
278,20,284940.0,1
318,8,113984.0,1
7,111,1581750.0,0
2,78,1111578.0,0
254,54,769824.0,1
51,107,1525499.0,0
9,112,1596896.0,0
142,5,71295.0,0
51,52,741572.0,0
8,143,2039466.0,0
155,19,271016.0,1
109,31,442215.0,0
151,66,941622.0,1
332,29,413830.0,1
226,10,142710.0,1
74,33,470976.0,0
51,29,413917.0,0
88,75,1070700.0,0
15,225,3212325.0,0
197,8,114240.0,1
3,154,2199428.0,0
31,34,485656.0,0
21,27,385695.0,0
24,285,4071510.0,0
8,11,157157.0,0
212,17,242896.0,1
9,47,671583.0,0
11,103,1471870.0,0
2,238,3401258.0,0
8,108,1543536.0,0
3,61,871873.0,0
40,7,100065.0,0
18,64,915008.0,0
3,1640,23448720.0,3
8,162,2316438.0,0
19,3,42900.0,0
108,16,228816.0,0
223,27,386208.0,1
71,110,1573550.0,0
51,35,500710.0,0
89,180,2575260.0,0
8,123,1760007.0,0
225,27,386397.0,1
47,87,1245144.0,0
107,8,114512.0,0
21,104,1488760.0,0
65,24,343608.0,0
207,42,601440.0,1
11,123,1761483.0,0
115,41,587243.0,0
235,9,128934.0,1
163,12,171924.0,1
9,268,3840172.0,0
124,28,401268.0,0
23,25,358300.0,0
64,19,272327.0,0
17,163,2336442.0,0
16,60,860100.0,0
17,90,1290240.0,0
158,34,487492.0,1
235,18,258102.0,1
219,6,86040.0,1
45,129,1849989.0,0
21,24,344208.0,0
127,71,1018424.0,0
39,6,86070.0,0
121,60,860760.0,0
260,18,258264.0,1
10,31,444819.0,0
271,21,301350.0,1
165,1,14351.0,1
157,47,674544.0,1
215,6,86118.0,1
6,9,129186.0,0
366,11,157905.0,1
60,38,545528.0,0
43,40,574280.0,0
19,58,832822.0,0
32,117,1680120.0,0
22,37,531394.0,0
109,69,991116.0,0
8,530,7614510.0,3
320,8,114944.0,1
295,4,57484.0,1
358,4,57492.0,1
185,66,948750.0,1
191,11,158147.0,1
44,46,661434.0,0
52,56,805336.0,0
26,126,1812132.0,0
38,59,848597.0,0
9,14,201390.0,0
297,7,100702.0,1
33,139,1999793.0,0
9,191,2748108.0,0
9,62,892118.0,0
10,289,4158710.0,3
218,5,71965.0,1
2,351,5052645.0,3
65,73,1050908.0,0
1,95,1367715.0,0
141,26,374400.0,0
4,183,2635383.0,0
130,26,374478.0,0
34,101,1454804.0,0
119,8,115248.0,0
107,76,1094932.0,0
11,106,1527248.0,0
71,55,792495.0,0
16,282,4063620.0,0
311,14,201754.0,1
35,45,648540.0,0
362,22,317086.0,1
92,98,1412572.0,0
1,601,8663415.0,3
22,14,201824.0,0
4,124,1787832.0,0
11,202,2912638.0,0
85,30,432600.0,0
57,27,389367.0,0
1,222,3201684.0,0
218,3,43269.0,1
18,1,14424.0,0
19,264,3808464.0,0
50,17,245259.0,0
7,141,2034348.0,0
299,21,303051.0,1
10,377,5440864.0,3
22,12,173208.0,0
99,9,129924.0,0
143,6,86622.0,1
306,9,129942.0,1
320,32,462048.0,1
8,55,794200.0,0
1,59,852019.0,0
2,68,982056.0,0
54,98,1415414.0,0
1,277,4001542.0,0
19,70,1011290.0,0
9,20,288960.0,0
19,250,3612250.0,0
181,40,578000.0,1
60,105,1517355.0,0
11,60,867120.0,0
190,22,317966.0,1
5,954,13791024.0,3
311,4,57828.0,1
155,37,534983.0,1
110,17,245820.0,0
148,180,2602980.0,0
64,239,3456418.0,0
98,6,86778.0,0
247,123,1779195.0,1
29,72,1041552.0,0
18,89,1287563.0,0
12,43,622210.0,0
104,265,3835080.0,0
74,7,101311.0,0
43,30,434220.0,0
72,47,680325.0,0
257,17,246092.0,1
20,11,159247.0,0
254,18,260622.0,1
11,13,188240.0,0
165,30,434430.0,1
18,137,1984034.0,0
150,10,144830.0,1
50,14,202776.0,0
39,46,666310.0,0
27,141,2042667.0,0
51,49,709912.0,0
207,30,434670.0,1
175,17,246347.0,1
7,123,1782639.0,0
26,7,101458.0,0
51,6,86970.0,0
312,19,275424.0,1
301,31,449407.0,1
43,193,2798114.0,0
26,190,2754810.0,0
88,7,101500.0,0
64,12,174012.0,0
20,615,8918730.0,3
3,164,2378492.0,0
47,107,1551928.0,0
17,789,11444445.0,3
17,295,4279270.0,3
24,97,1407179.0,0
22,55,797940.0,0
11,71,1030281.0,0
188,23,333776.0,1
101,18,261234.0,0
61,69,1001466.0,0
18,98,1422470.0,0
33,18,261306.0,0
64,16,232288.0,0
2,4,58080.0,0
24,17,246874.0,0
108,12,174276.0,0
32,197,2861228.0,0
9,289,4197725.0,3
3,1010,14672270.0,3
37,18,261504.0,0
60,213,3094677.0,0
26,213,3094890.0,0
236,64,930048.0,1
25,65,944645.0,0
3,547,7950098.0,3
59,331,4811085.0,3
260,18,261648.0,1
58,10,145370.0,0
65,19,276222.0,0
16,32,465248.0,0
10,71,1032340.0,0
59,105,1526805.0,0
186,5,72710.0,1
4,105,1527015.0,0
24,111,1614384.0,0
4,415,6036590.0,3
4,356,5178732.0,3
151,4,58192.0,1
311,56,814744.0,1
11,47,683850.0,0
18,10,145510.0,0
152,57,829464.0,1
19,113,1644489.0,0
10,203,2954462.0,0
57,19,276545.0,0
64,32,465824.0,0
7,76,1106560.0,0
76,69,1004709.0,0
4,441,6421842.0,3
96,129,1878885.0,0
111,4,58264.0,0
35,34,495278.0,0
1,12,174828.0,0
281,29,422530.0,1
3,265,3861580.0,0
180,233,3395509.0,1
372,1,14576.0,1
13,123,1792971.0,0
3,24,349872.0,0
17,17,247877.0,0
41,6,87492.0,0
6,302,4404066.0,3
169,99,1443816.0,1
50,29,422965.0,0
227,27,393822.0,1
19,372,5426364.0,3
372,3,43767.0,1
15,176,2568016.0,0
35,158,2305536.0,0
22,151,2203543.0,0
7,52,758888.0,0
20,102,1488690.0,0
11,47,686059.0,0
44,50,729900.0,0
306,25,365000.0,1
11,7,102207.0,0
275,2,29206.0,1
1,2759,40297954.0,3
16,109,1592163.0,0
4,20,292160.0,0
72,4,58436.0,0
243,3,43848.0,1
9,17,248506.0,0
239,22,321618.0,1
204,30,438600.0,1
1,96,1403616.0,0
185,21,307062.0,1
32,134,1959482.0,0
57,13,190112.0,0
185,57,833625.0,1
9,126,1842876.0,0
312,5,73135.0,1
91,24,351072.0,0
4,151,2208979.0,0
51,41,599871.0,0
263,8,117056.0,1
266,20,292660.0,1
36,28,409808.0,0
51,16,234208.0,0
52,175,2561825.0,0
16,112,1639680.0,0
22,7,102487.0,0
59,2,29284.0,0
170,34,497862.0,1
9,29,424676.0,0
157,30,439350.0,1
2,2085,30536910.0,3
201,28,410116.0,1
5,186,2724714.0,0
67,101,1479751.0,0
77,29,424908.0,0
1,234,3428802.0,0
4,50,732750.0,0
169,80,1172480.0,1
18,127,1861439.0,0
5,29,425082.0,0
9,259,3796681.0,0
87,30,439800.0,0
27,4,58644.0,0
29,157,2301934.0,0
20,98,1437072.0,0
61,117,1715805.0,0
24,14,205324.0,0
11,570,8360190.0,3
242,166,2435054.0,1
280,123,1804410.0,1
235,61,894992.0,1
3,74,1085802.0,0
16,97,1423475.0,0
31,44,645744.0,0
372,1,14679.0,1
25,320,4697600.0,3
71,7,102767.0,0
188,2,29364.0,1
26,390,5726760.0,3
107,15,220305.0,0
8,356,5228928.0,3
209,13,190957.0,1
44,52,763880.0,0
31,71,1043061.0,0
137,69,1013748.0,0
265,8,117544.0,1
4,133,1954568.0,0
218,22,323334.0,1
2,200,2939600.0,0
214,8,117592.0,1
32,112,1646400.0,0
11,342,5027742.0,3
1,343,5042786.0,3
15,22,323466.0,0
11,393,5778672.0,3
199,1,14705.0,1
3,29,426532.0,0
15,197,2897673.0,0
14,136,2000560.0,0
10,347,5104717.0,3
29,25,367800.0,0
9,340,5002420.0,3
24,10,147140.0,0
25,71,1044765.0,0
43,51,750516.0,0
2,236,3473684.0,0
6,37,544640.0,0
147,28,412216.0,1
10,259,3813257.0,0
25,47,692075.0,0
274,10,147270.0,1
374,71,1045759.0,1
1,462,6805260.0,3
47,45,662895.0,0
8,149,2195068.0,0
9,216,3182328.0,0
4,205,3020675.0,0
4,17,250529.0,0
39,56,825328.0,0
2,61,899079.0,0
191,93,1370820.0,1
12,59,869719.0,0
16,28,412832.0,0
113,70,1032150.0,0
248,19,280193.0,1
29,92,1356816.0,0
44,5,73760.0,0
87,30,442590.0,0
45,41,604914.0,0
10,237,3496935.0,0
15,38,560728.0,0
75,19,280383.0,0
145,71,1047818.0,0
5,102,1505418.0,0
294,7,103320.0,1
59,11,162371.0,0
264,21,310002.0,1
44,7,103348.0,0
29,39,575835.0,0
8,137,2022942.0,0
17,6,88608.0,0
3,1066,15743754.0,3
232,52,768040.0,1
112,9,132948.0,0
58,60,886500.0,0
51,134,1979984.0,0
4,3,44331.0,0
127,35,517230.0,0
281,41,605939.0,1
55,27,399060.0,0
320,6,88692.0,1
26,15,221760.0,0
10,3,44355.0,0
7,30,443640.0,0
29,6,88734.0,0
17,46,680340.0,0
64,4,59168.0,0
4,15,221895.0,0
3,82,1213108.0,0
166,6,88770.0,1
1,1156,17104176.0,3
53,12,177576.0,0
51,13,192387.0,0
48,390,5772000.0,3
61,57,843657.0,0
162,44,651332.0,1
9,12,177648.0,0
15,46,681030.0,0
75,11,162866.0,0
40,252,3731616.0,0
41,254,3761740.0,0
370,29,429577.0,1
37,53,785195.0,0
197,4,59264.0,1
200,63,933471.0,1
74,48,711264.0,0
64,13,192647.0,0
21,29,429780.0,0
367,2,29642.0,1
180,70,1037610.0,1
10,29,429896.0,0
4,120,1779000.0,0
197,17,252076.0,1
29,45,667305.0,0
53,39,578370.0,0
18,70,1038380.0,0
10,6,89016.0,0
90,110,1632070.0,0
268,4,59360.0,1
53,138,2048058.0,0
35,158,2345036.0,0
64,130,1929720.0,0
149,13,193011.0,1
22,392,5820808.0,3
312,22,326700.0,1
23,28,415828.0,0
58,143,2123836.0,0
9,10,148530.0,0
78,130,1931020.0,0
119,20,297100.0,0
36,65,965640.0,0
60,61,906277.0,0
13,59,876681.0,0
9,12,178320.0,0
52,6,89166.0,0
26,48,713376.0,0
29,11,163493.0,0
7,4,59460.0,0
11,103,1531198.0,0
186,37,550079.0,1
3,147,2185596.0,0
4,71,1055699.0,0
262,13,193310.0,1
3,93,1383003.0,0
210,28,416444.0,1
9,50,743750.0,0
13,122,1815116.0,0
77,46,684480.0,0
20,17,252977.0,0
27,11,163702.0,0
19,54,803682.0,0
132,15,223275.0,0
253,18,267948.0,1
79,6,89322.0,0
207,20,297760.0,1
336,10,148890.0,1
254,7,104230.0,1
148,33,491403.0,1
10,73,1087189.0,0
85,23,342562.0,0
8,506,7536870.0,3
205,43,640528.0,1
8,55,819335.0,0
23,112,1668576.0,0
11,98,1460298.0,0
21,24,357648.0,0
21,359,5350177.0,3
2,69,1028376.0,0
154,18,268290.0,1
3,168,2504376.0,0
74,9,134172.0,0
3,35,521850.0,0
1,5898,87945078.0,2
17,28,417536.0,0
36,87,1297431.0,0
86,13,193895.0,0
71,79,1178364.0,0
116,45,671310.0,0
213,57,850440.0,1
30,78,1163838.0,0
51,44,656612.0,0
246,10,149240.0,1
32,11,164219.0,0
109,127,1896110.0,0
5,42,627102.0,0
366,17,253844.0,1
73,88,1314192.0,0
297,10,149350.0,1
9,366,5466576.0,3
57,35,522795.0,0
30,172,2570368.0,0
14,3,44838.0,0
72,14,209258.0,0
23,64,956672.0,0
9,20,299000.0,0
79,20,299020.0,0
46,149,2227848.0,0
25,54,807462.0,0
12,77,1151458.0,0
253,12,179484.0,1
147,41,613278.0,1
59,61,912499.0,0
8,27,403920.0,0
11,317,4742637.0,3
271,5,74810.0,1
10,192,2872896.0,0
247,13,194532.0,1
96,81,1212165.0,0
15,36,538776.0,0
50,6,89802.0,0
30,37,553816.0,0
68,34,508980.0,0
35,155,2320505.0,0
128,18,269496.0,0
107,32,479136.0,0
37,17,254558.0,0
57,11,164725.0,0
57,73,1093248.0,0
72,214,3205292.0,0
246,8,119848.0,1
19,39,584376.0,0
198,83,1243755.0,1
16,4,59948.0,0
212,40,599520.0,1
39,60,899700.0,0
46,27,404919.0,0
170,74,1109852.0,1
48,77,1155000.0,0
116,115,1725230.0,0
147,154,2310616.0,0
16,1152,17285760.0,3
51,132,1980792.0,0
159,12,180084.0,1
12,180,2701620.0,0
36,20,300200.0,0
54,122,1831464.0,0
43,33,495462.0,0
173,20,300320.0,1
34,20,300340.0,0
39,32,480576.0,0
267,66,991254.0,1
9,451,6774471.0,3
12,121,1817662.0,0
3,554,8322742.0,3
10,152,2283648.0,0
33,67,1006675.0,0
80,61,916586.0,0
31,37,555999.0,0
8,48,721344.0,0
72,7,105210.0,0
4,110,1653410.0,0
256,55,826760.0,1
5,504,7576632.0,3
16,396,5953464.0,3
90,27,405945.0,0
72,119,1789284.0,0
43,128,1924864.0,0
10,1483,22302837.0,3
170,66,992706.0,1
199,5,75210.0,1
31,3,45129.0,0
19,452,6799888.0,3
152,13,195585.0,1
9,202,3039292.0,0
270,22,331034.0,1
65,95,1429560.0,0
274,3,45147.0,1
25,78,1173900.0,0
23,142,2137242.0,0
319,28,421456.0,1
5,69,1038657.0,0
12,114,1716156.0,0
275,25,376425.0,1
25,266,4005428.0,0
41,239,3599101.0,0
8,115,1731900.0,0
4,410,6175010.0,3
71,57,858534.0,0
213,5,75315.0,1
38,158,2380270.0,0
32,53,798498.0,0
78,82,1235494.0,0
46,104,1567072.0,0
179,70,1054830.0,1
373,1,15070.0,1
94,26,391846.0,0
10,76,1145548.0,0
105,41,618034.0,0
78,27,407025.0,0
173,49,738724.0,1
7,451,6800178.0,3
213,48,723792.0,1
22,35,527835.0,0
257,5,75415.0,1
282,15,226305.0,1
21,60,905280.0,0
10,145,2187905.0,0
308,23,347070.0,1
54,31,467821.0,0
215,26,392392.0,1
18,112,1690416.0,0
104,49,739655.0,0
43,11,166056.0,0
4,25,377425.0,0
182,5,75490.0,1
84,23,347277.0,0
330,6,90600.0,1
9,9,135909.0,0
31,35,528605.0,0
167,69,1042176.0,1
18,101,1525605.0,0
18,102,1540812.0,0
311,20,302140.0,1
142,61,921588.0,0
241,31,468379.0,1
24,39,589290.0,0
29,84,1269324.0,0
10,98,1481074.0,0
30,197,2977458.0,0
18,21,317415.0,0
18,45,680220.0,0
15,80,1209360.0,0
134,1,15118.0,0
246,14,211666.0,1
130,22,332640.0,0
50,28,423388.0,0
85,87,1315614.0,0
7,106,1603038.0,0
23,15,226860.0,0
25,140,2117500.0,0
66,16,242032.0,0
60,111,1679208.0,0
50,84,1270836.0,0
170,22,332860.0,1
18,52,786864.0,0
128,29,438857.0,0
15,73,1104782.0,0
233,10,151350.0,1
3,69,1044384.0,0
240,13,196807.0,1
52,81,1226340.0,0
46,26,393692.0,0
226,14,212002.0,1
8,218,3301392.0,0
4,67,1014715.0,0
165,95,1438870.0,1
219,29,439263.0,1
11,20,302960.0,0
134,23,348427.0,0
17,342,5181300.0,3
10,278,4212256.0,0
31,22,333366.0,0
74,75,1136550.0,0
1,55,833580.0,0
4,133,2015881.0,0
45,7,106106.0,0
2,720,10914480.0,3
357,4,60640.0,1
18,29,439727.0,0
69,101,1531564.0,0
373,27,409455.0,1
321,39,591513.0,1
26,5,75840.0,0
325,7,106197.0,1
9,110,1668920.0,0
323,11,166914.0,1
72,23,349025.0,0
260,3,45534.0,1
18,95,1442005.0,0
367,6,91080.0,1
66,18,273258.0,0
154,29,440278.0,1
29,62,941408.0,0
70,21,318885.0,0
14,19,288534.0,0
2,93,1412391.0,0
1,232,3523848.0,0
120,51,774792.0,0
61,19,288667.0,0
3,326,4953244.0,3
3,1,15195.0,0
9,36,547092.0,0
92,10,151980.0,0
59,13,197587.0,0
79,97,1474497.0,0
26,142,2158826.0,0
357,9,136836.0,1
85,38,577790.0,0
10,9,136854.0,0
1,43,653944.0,0
225,20,304200.0,1
60,52,790972.0,0
239,7,106484.0,1
319,25,380325.0,1
2,110,1673540.0,0
45,43,654245.0,0
88,2,30432.0,0
11,166,2526188.0,0
176,9,136971.0,1
52,119,1811180.0,0
366,11,167431.0,1
319,5,76110.0,1
226,32,487136.0,1
358,16,243584.0,1
234,23,350175.0,1
311,8,121808.0,1
37,58,883166.0,0
66,126,1918728.0,0
239,23,350290.0,1
113,31,472192.0,0
277,14,213276.0,1
218,143,2178605.0,1
299,15,228540.0,1
2,99,1508463.0,0
29,52,792376.0,0
10,52,792428.0,0
45,83,1264920.0,0
67,111,1691751.0,0
74,22,335346.0,0
65,34,518296.0,0
134,89,1356805.0,0
238,33,503118.0,1
122,6,91482.0,0
32,358,5459142.0,3
9,121,1845371.0,0
36,44,671088.0,0
16,55,838915.0,0
127,18,274572.0,0
67,47,716985.0,0
149,6,91536.0,1
281,8,122056.0,1
169,34,518772.0,1
100,78,1190280.0,0
135,19,289959.0,0
324,10,152620.0,1
107,12,183156.0,0
64,23,351072.0,0
151,82,1251730.0,1
338,6,91596.0,1
22,11,167937.0,0
24,2,30538.0,0
16,48,732960.0,0
7,265,4046815.0,0
57,63,962136.0,0
4,47,717878.0,0
31,42,641550.0,0
66,49,748524.0,0
47,12,183324.0,0
355,21,320859.0,1
172,16,244480.0,1
59,150,2292150.0,0
50,3,45858.0,0
22,21,321027.0,0
43,88,1345344.0,0
29,59,902051.0,0
5,212,3241480.0,0
26,109,1666719.0,0
201,24,367008.0,1
44,200,3059200.0,0
10,41,627177.0,0
2,194,2967812.0,0
67,12,183588.0,0
64,28,428400.0,0
51,246,3764046.0,0
290,31,474393.0,1
61,26,397904.0,0
64,58,887748.0,0
96,12,183684.0,0
271,21,321468.0,1
1,2478,37940658.0,3
75,48,734976.0,0
110,1,15313.0,0
199,24,367536.0,1
64,38,581970.0,0
327,1,15316.0,1
4,33,505494.0,0
284,16,245104.0,1
44,36,551520.0,0
49,105,1608705.0,0
64,49,750778.0,0
104,48,735600.0,0
334,29,444454.0,1
53,10,153270.0,0
35,62,950398.0,0
32,13,199290.0,0
366,35,536620.0,1
208,16,245328.0,1
157,98,1502732.0,1
54,35,536725.0,0
66,88,1349832.0,0
81,17,260797.0,0
116,26,398892.0,0
87,21,322203.0,0
1,32,491008.0,0
35,23,352935.0,0
333,17,260882.0,1
366,5,76735.0,1
72,9,138132.0,0
158,71,1089779.0,1
373,5,76750.0,1
12,227,3484677.0,0
255,61,936533.0,1
29,14,214970.0,0
31,499,7662644.0,3
5,560,8600480.0,3
40,13,199680.0,0
362,7,107527.0,1
241,17,261171.0,1
96,29,445556.0,0
26,151,2320115.0,0
75,44,676104.0,0
57,96,1475232.0,0
21,4,61472.0,0
144,1,15369.0,1
41,95,1460150.0,0
137,27,415044.0,0
8,137,2106101.0,0
129,3,46122.0,0
40,116,1783616.0,0
169,196,3014284.0,1
9,37,569060.0,0
214,8,123048.0,1
15,306,4706892.0,3
170,43,661512.0,1
40,12,184620.0,0
186,31,476966.0,1
270,10,153880.0,1
172,1,15389.0,1
5,85,1308320.0,0
16,12,184716.0,0
10,85,1308490.0,0
326,7,107765.0,1
113,14,215544.0,0
290,6,92382.0,1
16,74,1139452.0,0
1,50,769950.0,0
92,13,200200.0,0
149,42,646884.0,1
189,8,123240.0,1
18,58,893548.0,0
34,148,2280236.0,0
264,34,523872.0,1
84,122,1880020.0,0
26,99,1525689.0,0
171,10,154120.0,1
10,39,601146.0,0
313,47,724505.0,1
65,193,2975288.0,0
85,28,431676.0,0
25,8,123352.0,0
59,53,817313.0,0
323,6,92532.0,1
38,2,30846.0,0
254,17,262208.0,1
19,283,4365558.0,3
33,292,4504684.0,3
15,6,92568.0,0
27,83,1280607.0,0
23,10,154320.0,0
79,53,817949.0,0
8,59,910606.0,0
22,29,447615.0,0
12,291,4491876.0,3
262,45,694665.0,1
131,25,385950.0,0
55,62,957280.0,0
249,2,30884.0,1
2,375,5791125.0,3
9,214,3305016.0,0
264,5,77225.0,1
331,9,139023.0,1
313,28,432544.0,1
26,62,957838.0,0
30,30,463500.0,0
30,56,865312.0,0
2,279,4311387.0,3
362,25,386350.0,1
283,58,896448.0,1
262,58,896506.0,1
25,7,108206.0,0
354,56,865760.0,1
94,11,170082.0,0
29,7,108241.0,0
338,155,2396920.0,1
20,104,1608360.0,0
85,57,881562.0,0
9,53,819751.0,0
35,29,448572.0,0
43,27,417663.0,0
2,73,1129383.0,0
113,76,1175872.0,0
14,14,216622.0,0
77,29,448775.0,0
40,44,681032.0,0
116,45,696600.0,0
16,126,1950732.0,0
161,84,1300572.0,1
1,188,2910992.0,0
30,85,1316225.0,0
93,2,30976.0,0
23,55,851895.0,0
95,155,2401105.0,0
28,35,542220.0,0
33,291,4508463.0,3
21,122,1890268.0,0
18,16,247952.0,0
1,523,8105454.0,3
8,68,1054000.0,0
16,252,3906504.0,0
363,66,1023198.0,1
81,13,201552.0,0
53,99,1534995.0,0
23,161,2496466.0,0
172,45,697815.0,1
189,92,1426736.0,1
331,1,15510.0,1
12,158,2450738.0,0
156,7,108584.0,1
31,314,4871082.0,3
12,197,3056258.0,0
45,15,232740.0,0
233,27,418959.0,1
64,216,3351888.0,0
2,18,279360.0,0
36,200,3104200.0,0
33,56,869232.0,0
84,10,155230.0,0
25,1,15524.0,0
2,158,2452950.0,0
33,4,62104.0,0
19,165,2561955.0,0
254,26,403728.0,1
23,664,10311256.0,3
22,107,1661710.0,0
8,219,3401289.0,0
25,258,4007256.0,0
19,86,1335838.0,0
173,75,1165125.0,1
163,24,372888.0,1
7,41,637099.0,0
11,15,233100.0,0
114,29,450689.0,0
288,28,435204.0,1
9,261,4056984.0,0
54,80,1243600.0,0
7,695,10805165.0,3
77,115,1788135.0,0
4,61,948550.0,0
37,29,450979.0,0
217,17,264384.0,1
60,55,855415.0,0
278,14,217756.0,1
12,913,14201715.0,3
24,31,482236.0,0
29,19,295583.0,0
12,31,482391.0,0
352,1,15562.0,1
9,117,1820871.0,0
50,8,124520.0,0
19,7,108969.0,0
3,53,825104.0,0
104,31,482639.0,0
7,326,5075820.0,3
12,57,887547.0,0
5,212,3301264.0,0
32,97,1510581.0,0
178,152,2367248.0,1
38,43,669768.0,0
151,39,607503.0,1
162,13,202514.0,1
69,48,747792.0,0
121,148,2305988.0,0
25,44,685608.0,0
24,124,1932416.0,0
177,31,483135.0,1
50,9,140283.0,0
253,30,467670.0,1
289,1,15590.0,1
47,24,374208.0,0
71,5,77965.0,0
16,104,1621776.0,0
101,84,1310064.0,0
30,23,358731.0,0
35,16,249568.0,0
27,52,811148.0,0
11,414,6458814.0,3
8,54,842508.0,0
79,2,31206.0,0
52,17,265268.0,0
36,67,1045535.0,0
57,91,1420146.0,0
337,13,202891.0,1
28,60,936480.0,0
183,18,280962.0,1
52,6,93660.0,0
10,45,702495.0,0
36,6,93672.0,0
10,429,6698835.0,3
33,49,765282.0,0
11,3,46857.0,0
50,104,1624480.0,0
4,18,281178.0,0
3,214,3343108.0,0
141,19,296837.0,0
117,34,531216.0,0
100,68,1062500.0,0
75,49,765674.0,0
5,157,2453596.0,0
45,61,953430.0,0
16,177,2766864.0,0
17,15,234510.0,0
90,25,390900.0,0
53,15,234555.0,0
301,2,31276.0,1
134,25,390975.0,0
4,486,7601040.0,3
105,119,1861279.0,0
179,36,563148.0,1
166,232,3629408.0,1
19,52,813540.0,0
158,36,563256.0,1
204,27,422496.0,1
336,2,31298.0,1
37,32,500832.0,0
91,21,328692.0,0
93,6,93918.0,0
9,21,328734.0,0
233,37,579235.0,1
45,47,735832.0,0
23,1,15657.0,0
190,56,876848.0,1
44,11,172249.0,0
25,94,1472040.0,0
317,5,78305.0,1
106,9,140967.0,0
51,19,297616.0,0
168,115,1801475.0,1
40,13,203671.0,0
218,1,15668.0,1
40,35,548415.0,0
297,12,188040.0,1
19,81,1269351.0,0
88,138,2162874.0,0
73,135,2115990.0,0
81,21,329175.0,0
9,216,3386016.0,0
49,33,517341.0,0
53,12,188136.0,0
24,110,1724690.0,0
9,78,1223040.0,0
18,67,1050627.0,0
117,10,156830.0,0
9,168,2635416.0,0
120,9,141201.0,0
4,19,298110.0,0
252,2,31382.0,1
28,12,188304.0,0
1,79,1239826.0,0
267,22,345290.0,1
33,174,2731104.0,0
18,18,282582.0,0
172,89,1397300.0,1
2,230,3611230.0,0
265,5,78515.0,1
140,117,1837368.0,0
201,6,94230.0,1
60,59,926654.0,0
35,205,3219935.0,0
41,282,4429656.0,3
284,6,94254.0,1
9,53,832736.0,0
143,20,314260.0,0
12,34,534276.0,0
146,117,1838772.0,0
234,7,110019.0,1
33,932,14650108.0,3
24,128,2012160.0,0
12,84,1320564.0,0
36,70,1100540.0,0
365,38,597474.0,1
201,12,188688.0,1
15,32,503200.0,0
17,301,4733827.0,3
49,4,62912.0,0
198,6,94374.0,1
66,73,1148290.0,0
212,14,220248.0,1
283,10,157330.0,1
115,26,409084.0,0
15,79,1243223.0,0
19,176,2769888.0,0
66,8,125912.0,0
49,9,141660.0,0
16,86,1353898.0,0
78,3,47232.0,0
9,65,1023425.0,0
134,29,456634.0,0
13,90,1417230.0,0
40,20,314960.0,0
235,15,236235.0,1
3,293,4614750.0,3
40,406,6395312.0,3
305,1,15753.0,1
51,29,456866.0,0
1,149,2347495.0,0
61,191,3009396.0,0
66,45,709065.0,0
25,9,141822.0,0
218,7,110313.0,1
65,37,583194.0,0
32,63,993069.0,0
81,188,2963632.0,0
64,11,173426.0,0
116,28,441504.0,0
7,147,2318043.0,0
6,10,157730.0,0
69,25,394350.0,0
245,7,110425.0,1
133,18,283968.0,0
241,22,347094.0,1
184,29,457620.0,1
25,21,331401.0,0
10,44,694408.0,0
11,14,220962.0,0
30,87,1373295.0,0
44,279,4404294.0,0
26,200,3157400.0,0
358,25,394725.0,1
10,34,536860.0,0
44,76,1200116.0,0
9,13,205309.0,0
150,42,663390.0,1
1,134,2116664.0,0
113,8,126376.0,0
76,98,1548302.0,0
107,117,1848600.0,0
46,69,1090269.0,0
143,3,47406.0,1
51,8,126424.0,0
1,274,4330296.0,3
23,305,4820525.0,3
46,31,489986.0,0
50,48,758736.0,0
306,197,3114176.0,1
36,43,679787.0,0
79,112,1770720.0,0
17,139,2197729.0,0
107,41,648292.0,0
208,40,632520.0,1
3,74,1170236.0,0
64,49,774935.0,0
49,123,1945737.0,0
320,17,268940.0,1
44,62,980902.0,0
3,33,522126.0,0
337,17,268991.0,1
172,20,316500.0,1
51,69,1091994.0,0
73,134,2120818.0,0
99,51,807279.0,0
29,41,649030.0,0
58,67,1060677.0,0
254,54,854928.0,1
70,272,4306848.0,0
44,50,791750.0,0
45,12,190032.0,0
65,24,380088.0,0
11,169,2676622.0,0
25,65,1029535.0,0
59,28,443520.0,0
64,50,792050.0,0
304,8,126744.0,1
46,11,174284.0,0
18,140,2218300.0,0
38,22,348634.0,0
19,93,1474050.0,0
187,22,348744.0,1
52,30,475590.0,0
4,138,2187852.0,0
137,80,1268400.0,0
4,636,10084416.0,3
19,14,221998.0,0
16,188,2981304.0,0
41,139,2204540.0,0
12,541,8580801.0,3
8,147,2331714.0,0
26,18,285534.0,0
22,24,380736.0,0
41,40,634600.0,0
101,43,682238.0,0
5,461,7314687.0,3
277,15,238035.0,1
33,74,1174380.0,0
15,108,1714176.0,0
63,137,2174738.0,0
2,128,2032256.0,0
369,97,1540360.0,1
312,32,508192.0,1
199,24,381168.0,1
2,49,778267.0,0
93,18,285930.0,0
60,12,190632.0,0
80,14,222432.0,0
157,85,1350565.0,1
227,60,953460.0,1
253,37,588078.0,1
150,11,174845.0,1
194,22,349734.0,1
1,85,1351330.0,0
369,4,63596.0,1
24,47,747300.0,0
17,111,1765011.0,0
10,75,1192725.0,0
8,30,477120.0,0
20,151,2401806.0,0
4,226,3594982.0,0
174,7,111363.0,1
1,266,4232060.0,0
178,19,302328.0,1
16,156,2482896.0,0
248,12,191004.0,1
191,40,636720.0,1
20,122,1942118.0,0
154,60,955200.0,1
173,24,382104.0,1
372,12,191064.0,1
373,21,334383.0,1
194,12,191100.0,1
67,21,334530.0,0
4,119,1895908.0,0
21,74,1179042.0,0
239,12,191220.0,1
64,7,111559.0,0
112,18,286884.0,0
90,77,1227303.0,0
311,2,31880.0,1
134,14,223188.0,0
277,6,95664.0,1
365,2,31890.0,1
83,29,462463.0,0
8,60,956880.0,0
17,19,303031.0,0
2,102,1626900.0,0
1,43,685893.0,0
34,84,1339968.0,0
15,102,1627206.0,0
24,185,2951675.0,0
32,42,670194.0,0
74,7,111706.0,0
20,28,446964.0,0
17,111,1772115.0,0
23,80,1277360.0,0
3,21,335349.0,0
304,11,175670.0,1
18,35,558985.0,0
236,6,95838.0,1
39,177,2827398.0,0
84,24,383400.0,0
165,96,1533696.0,1
17,65,1038505.0,0
77,49,782922.0,0
89,43,687140.0,0
25,97,1550157.0,0
22,112,1790096.0,0
3,263,4203792.0,0
123,38,607430.0,0
30,14,223804.0,0
12,128,2046336.0,0
19,26,415688.0,0
44,52,831480.0,0
4,3,47976.0,0
9,551,8812143.0,3
55,32,511808.0,0
88,128,2047488.0,0
37,507,8110986.0,3
3,9,144000.0,0
30,103,1648309.0,0
12,201,3217005.0,0
211,8,128048.0,1
48,381,6098667.0,3
24,33,528264.0,0
22,82,1312738.0,0
246,79,1264790.0,1
8,210,3362310.0,0
35,94,1505128.0,0
4,151,2417963.0,0
36,141,2257974.0,0
4,183,2930745.0,0
3,226,3619616.0,0
47,32,512544.0,0
39,28,448504.0,0
2,165,2643135.0,0
17,46,736920.0,0
260,71,1137562.0,1
46,101,1618323.0,0
12,63,1009512.0,0
30,28,448700.0,0
43,32,512832.0,0
92,17,272459.0,0
39,270,4327830.0,0
310,29,464870.0,1
92,98,1571038.0,0
6,1143,18325719.0,3
196,22,352748.0,1
87,55,881980.0,0
270,39,625443.0,1
8,28,449064.0,0
65,65,1042600.0,0
31,6,96246.0,0
22,74,1187108.0,0
38,39,625677.0,0
120,83,1331735.0,0
86,9,144432.0,0
40,299,4798651.0,3
174,10,160500.0,1
54,34,545768.0,0
33,84,1348452.0,0
145,70,1123780.0,0
221,8,128440.0,1
45,66,1059696.0,0
4,134,2151638.0,0
66,178,2858502.0,0
269,1,16061.0,1
10,64,1027968.0,0
260,23,369449.0,1
365,73,1172745.0,1
17,101,1622666.0,0
22,33,530310.0,0
45,21,337491.0,0
288,23,369656.0,1
292,2,32146.0,1
3,131,2105956.0,0
284,1,16078.0,1
17,21,337659.0,0
82,11,176880.0,0
56,223,3586063.0,0
101,31,498573.0,0
299,38,611192.0,1
23,167,2686195.0,0
59,40,643440.0,0
155,18,289638.0,1
99,53,852876.0,0
107,1,16093.0,0
12,67,1078298.0,0
264,12,193152.0,1
240,10,160970.0,1
88,67,1078566.0,0
50,39,627861.0,0
9,83,1336383.0,0
42,57,917814.0,0
7,48,772944.0,0
62,28,450912.0,0
249,13,209365.0,1
66,6,96636.0,0
18,31,499317.0,0
85,49,789292.0,0
219,18,289962.0,1
45,342,5509620.0,3
143,16,257792.0,0
183,30,483390.0,1
171,8,128912.0,1
10,279,4496085.0,3
206,35,564060.0,1
190,30,483510.0,1
8,16,257904.0,0
59,32,515840.0,0
57,204,3288684.0,0
73,38,612636.0,0
52,16,257968.0,0
316,16,257984.0,1
367,13,209625.0,1
29,117,1886742.0,0
39,40,645080.0,0
18,89,1435392.0,0
52,78,1258218.0,0
4,365,5888545.0,3
22,38,613092.0,0
263,21,338835.0,1
60,37,597032.0,0
368,1,16138.0,1
19,31,500309.0,0
53,37,597180.0,0
88,30,484230.0,0
250,37,597254.0,1
3,118,1904874.0,0
247,1,16144.0,1
9,237,3826365.0,0
157,29,468234.0,1
134,22,355234.0,0
296,1,16148.0,1
5,18,290682.0,0
39,136,2196400.0,0
269,29,468408.0,1
50,89,1437617.0,0
9,137,2213372.0,0
16,19,306983.0,0
282,14,226226.0,1
64,22,355520.0,0
2,499,8064339.0,3
252,2,32324.0,1
225,7,113141.0,1
17,35,565740.0,0
11,99,1600632.0,0
8,85,1374365.0,0
51,127,2053590.0,0
59,3,48513.0,0
95,69,1115868.0,0
16,87,1407051.0,0
126,23,372002.0,0
94,58,938150.0,0
50,15,242655.0,0
138,8,129424.0,0
61,11,177969.0,0
100,176,2847680.0,0
73,11,177991.0,0
72,28,453096.0,0
67,15,242745.0,0
64,46,744464.0,0
17,31,501735.0,0
23,219,3544734.0,0
32,297,4807539.0,3
45,67,1084596.0,0
16,11,178079.0,0
40,6,97140.0,0
3,151,2444841.0,0
237,19,307667.0,1
75,15,242970.0,0
4,172,2786400.0,0
3,115,1863115.0,0
361,18,291636.0,1
59,36,583308.0,0
23,50,810200.0,0
31,97,1571885.0,0
55,63,1020978.0,0
25,19,307933.0,0
45,66,1069728.0,0
89,46,745614.0,0
2,123,1993830.0,0
81,24,389064.0,0
19,43,697116.0,0
79,6,97278.0,0
171,44,713416.0,1
81,14,227010.0,0
267,37,599992.0,1
235,19,308123.0,1
30,90,1459620.0,0
37,95,1540995.0,0
318,122,1979084.0,1
57,96,1557504.0,0
45,134,2174150.0,0
203,8,129808.0,1
219,7,113589.0,1
87,47,762763.0,0
190,35,568050.0,1
33,38,616816.0,0
71,25,405825.0,0
41,48,779280.0,0
78,20,324720.0,0
57,21,341019.0,0
8,142,2306080.0,0
10,655,10637855.0,3
8,293,4758906.0,3
34,51,828393.0,0
212,91,1478204.0,1
24,93,1510785.0,0
170,16,259952.0,1
62,7,113736.0,0
53,69,1121181.0,0
261,24,390000.0,1
366,21,341292.0,1
32,124,2015372.0,0
17,274,4453870.0,3
258,14,227584.0,1
177,2,32514.0,1
45,135,2194830.0,0
51,18,292680.0,0
17,119,1935059.0,0
361,3,48786.0,1
9,260,4228900.0,0
74,61,992226.0,0
71,45,732060.0,0
353,54,878580.0,1
3,131,2131501.0,0
117,25,406800.0,0
373,65,1057810.0,1
197,33,537075.0,1
177,6,97656.0,1
23,25,406950.0,0
21,108,1758132.0,0
72,17,276777.0,0
340,11,179102.0,1
6,168,2735544.0,0
31,103,1677252.0,0
170,8,130296.0,1
117,19,309548.0,0
9,120,1955160.0,0
10,79,1287305.0,0
213,23,374831.0,1
23,27,440046.0,0
108,12,195624.0,0
26,167,2722601.0,0
139,22,358710.0,0
214,44,717464.0,1
38,4,65232.0,0
92,44,717596.0,0
18,37,603507.0,0
3,16,261008.0,0
331,14,228410.0,1
64,156,2545296.0,0
120,69,1125873.0,0
35,19,310042.0,0
218,3,48957.0,1
172,56,913920.0,1
72,16,261136.0,0
1,37,603914.0,0
196,1,16323.0,1
128,111,1811964.0,0
44,20,326500.0,0
6,301,4914126.0,3
14,317,5175659.0,3
18,41,669530.0,0
28,152,2482464.0,0
8,45,734985.0,0
37,10,163370.0,0
157,11,179718.0,1
284,18,294102.0,1
107,141,2303940.0,0
25,84,1372644.0,0
75,15,245130.0,0
16,43,702749.0,0
158,2,32688.0,1
44,37,604765.0,0
11,85,1389495.0,0
32,222,3629256.0,0
291,9,147141.0,1
21,60,981000.0,0
333,8,130808.0,1
18,28,457856.0,0
4,94,1537182.0,0
63,39,637806.0,0
198,32,523392.0,1
33,34,556138.0,0
1,110,1799380.0,0
7,70,1145130.0,0
5,645,10552200.0,3
10,104,1701544.0,0
32,86,1407132.0,0
53,5,81815.0,0
12,52,850928.0,0
18,51,834615.0,0
19,18,294588.0,0
37,127,2078609.0,0
2,69,1129392.0,0
18,117,1915173.0,0
82,221,3617770.0,0
33,92,1506224.0,0
66,109,1784766.0,0
9,125,2047000.0,0
267,5,81885.0,1
247,23,376694.0,1
4,109,1785311.0,0
61,31,507780.0,0
75,98,1605534.0,0
90,33,540672.0,0
60,57,933945.0,0
29,81,1327266.0,0
323,4,65548.0,1
53,35,573615.0,0
270,43,704856.0,1
2,355,5819515.0,3
50,100,1639400.0,0
61,206,3377370.0,0
145,86,1410228.0,0
19,72,1180728.0,0
95,29,475600.0,0
1,198,3247398.0,0
265,57,934914.0,1
302,15,246045.0,1
70,23,377292.0,0
302,5,82025.0,1
19,59,967954.0,0
13,168,2756376.0,0
36,231,3790479.0,0
19,44,722084.0,0
54,30,492360.0,0
57,31,508803.0,0
22,7,114898.0,0
44,47,771505.0,0
27,73,1198368.0,0
45,95,1559710.0,0
113,51,837369.0,0
17,399,6552378.0,3
25,18,295614.0,0
191,6,98544.0,1
302,21,344925.0,1
2,353,5798378.0,3
263,9,147843.0,1
81,1,16428.0,0
106,2,32858.0,0
57,6,98580.0,0
213,76,1248756.0,1
64,8,131456.0,0
28,17,279361.0,0
29,107,1758438.0,0
6,132,2169816.0,0
8,282,4636080.0,3
67,24,394584.0,0
2,171,2811582.0,0
46,86,1414184.0,0
34,63,1036035.0,0
1,4,65784.0,0
136,34,559198.0,0
198,19,312512.0,1
191,43,707307.0,1
150,11,180950.0,1
88,14,230314.0,0
45,3,49362.0,0
64,99,1629045.0,0
99,110,1810160.0,0
218,9,148113.0,1
3,202,3324516.0,0
28,132,2172720.0,0
178,32,526752.0,1
64,4,65848.0,0
21,85,1399355.0,0
20,230,3786720.0,0
34,146,2404036.0,0
74,2,32936.0,0
24,171,2816199.0,0
52,165,2717550.0,0
275,13,214123.0,1
165,19,312987.0,1
7,345,5683530.0,3
88,28,461300.0,0
64,146,2405642.0,0
25,17,280126.0,0
10,35,576765.0,0
76,53,873440.0,0
16,18,296676.0,0
192,19,313177.0,1
174,26,428584.0,1
77,42,692370.0,0
33,31,511128.0,0
47,39,643149.0,0
73,62,1022566.0,0
297,50,824700.0,1
3,88,1451560.0,0
9,97,1600112.0,0
50,136,2243592.0,0
161,16,263968.0,1
360,22,362978.0,1
5,11,181500.0,0
107,86,1419258.0,0
25,83,1369832.0,0
32,4,66020.0,0
20,3,49518.0,0
297,13,214617.0,1
372,13,214630.0,1
22,159,2625249.0,0
5,35,577955.0,0
52,111,1833165.0,0
30,6,99096.0,0
277,17,280789.0,1
61,42,693756.0,0
25,13,214747.0,0
186,157,2593640.0,1
2,298,4923854.0,3
2,200,3305000.0,0
172,15,247890.0,1
81,14,231378.0,0
4,17,280976.0,0
190,30,495870.0,1
22,77,1272887.0,0
18,4,66128.0,0
19,180,2975940.0,0
5,31,512585.0,0
107,55,909480.0,0
3,45,744255.0,0
54,5,82710.0,0
165,3,49635.0,1
291,31,512926.0,1
10,925,15307825.0,3
109,261,4319550.0,0
96,32,529632.0,0
243,17,281384.0,1
163,86,1423558.0,1
3,74,1224996.0,0
35,17,281435.0,0
67,207,3427092.0,0
24,11,182127.0,0
1,474,7848492.0,3
21,58,960480.0,0
6,31,513391.0,0
54,19,314697.0,0
364,3,49695.0,1
15,19,314754.0,0
194,35,579845.0,1
3,5,82845.0,0
9,133,2203810.0,0
3,106,1756526.0,0
127,58,961176.0,0
74,46,762358.0,0
71,28,464072.0,0
365,1,16579.0,1
155,11,182391.0,1
113,6,99492.0,0
374,14,232162.0,1
80,31,514104.0,0
249,8,132688.0,1
232,13,215631.0,1
71,33,547437.0,0
69,10,165910.0,0
4,222,3683424.0,0
51,27,448011.0,0
75,53,879482.0,0
61,85,1410575.0,0
16,12,199152.0,0
4,7,116179.0,0
277,11,182578.0,1
4,62,1029200.0,0
41,30,498030.0,0
31,32,531264.0,0
75,34,564502.0,0
18,174,2889618.0,0
15,280,4650520.0,3
219,6,99660.0,1
186,11,182721.0,1
33,66,1096392.0,0
70,30,498390.0,0
183,26,431964.0,1
15,33,548328.0,0
236,5,83085.0,1
31,97,1611946.0,0
254,16,265904.0,1
4,9,149580.0,0
52,29,482009.0,0
246,5,83115.0,1
81,48,797952.0,0
275,23,382375.0,1
1,184,3059184.0,0
79,20,332540.0,0
30,119,1978732.0,0
74,60,997740.0,0
17,153,2544849.0,0
223,9,149706.0,1
32,72,1197864.0,0
23,95,1580610.0,0
25,52,865228.0,0
106,12,199692.0,0
5,35,582470.0,0
246,27,449361.0,1
178,62,1031928.0,1
170,14,233058.0,1
39,21,349608.0,0
72,24,399600.0,0
54,123,2048196.0,0
16,76,1265628.0,0
141,31,516274.0,0
18,258,4296990.0,0
22,80,1332480.0,0
10,192,3198144.0,0
368,8,133264.0,1
189,2,33318.0,1
16,17,283220.0,0
362,9,149985.0,1
19,32,533312.0,0
68,52,866684.0,0
15,20,333360.0,0
24,157,2617033.0,0
17,262,4367540.0,0
28,6,100026.0,0
2,117,1950624.0,0
55,93,1550682.0,0
34,92,1534192.0,0
3,170,2835260.0,0
366,3,50037.0,1
43,10,166800.0,0
73,44,733964.0,0
5,30,500460.0,0
4,281,4688204.0,3
61,62,1034470.0,0
47,547,9127242.0,3
1,62,1034656.0,0
76,16,267024.0,0
44,13,216970.0,0
256,3,50076.0,1
69,59,984887.0,0
135,10,166960.0,0
241,21,350637.0,1
227,5,83490.0,1
9,312,5210400.0,3
9,154,2571954.0,0
1,284,4744220.0,3
37,123,2054838.0,0
46,27,451116.0,0
85,79,1320011.0,0
19,394,6583740.0,3
3,22,367642.0,0
9,438,7319856.0,3
19,627,10479051.0,3
219,88,1470832.0,1
78,19,317585.0,0
267,3,50148.0,1
9,235,3928495.0,0
369,44,735592.0,1
15,198,3310362.0,0
26,25,418000.0,0
262,37,618677.0,1
17,228,3812616.0,0
91,42,702366.0,0
302,146,2441850.0,1
26,178,2977228.0,0
364,44,735988.0,1
46,263,4399464.0,0
36,664,11108056.0,3
52,84,1405320.0,0
32,28,468496.0,0
52,52,870168.0,0
79,119,1991465.0,0
53,1,16737.0,0
298,1,16738.0,1
172,16,267824.0,1
47,4,66968.0,0
29,192,3214656.0,0
11,236,3951584.0,0
87,356,5961220.0,3
5,447,7485462.0,3
25,45,753615.0,0
18,69,1155612.0,0
45,95,1591250.0,0
31,25,418775.0,0
373,9,150768.0,1
58,34,569602.0,0
372,2,33508.0,1
114,171,2865105.0,0
215,13,217828.0,1
319,7,117299.0,1
65,22,368676.0,0
8,43,720637.0,0
97,13,217893.0,0
20,63,1056006.0,0
185,24,402312.0,1
4,712,11935968.0,3
294,1,16765.0,1
273,34,570044.0,1
31,221,3705507.0,0
48,58,972544.0,0
260,38,637222.0,1
58,141,2364570.0,0
33,254,4259834.0,0
57,26,436098.0,0
68,49,821926.0,0
10,157,2633675.0,0
60,71,1191096.0,0
80,48,805296.0,0
74,16,268448.0,0
2,342,5738418.0,3
100,59,990020.0,0
365,19,318839.0,1
10,190,3188580.0,0
20,3,50352.0,0
123,148,2484624.0,0
8,5,83945.0,0
4,95,1595050.0,0
29,316,5305956.0,3
282,12,201504.0,1
57,16,268688.0,0
1,280,4702320.0,3
365,66,1108470.0,1
89,18,302328.0,0
11,156,2620800.0,0
163,120,2016120.0,1
65,24,403272.0,0
23,60,1008240.0,0
174,98,1646890.0,1
103,93,1562958.0,0
143,67,1126069.0,0
99,23,386584.0,0
23,150,2521350.0,0
192,16,268960.0,1
5,28,470708.0,0
361,15,252180.0,1
8,426,7162338.0,3
14,320,5380480.0,3
103,28,470848.0,0
3,95,1597615.0,0
11,191,3212238.0,0
96,26,437320.0,0
227,38,639274.0,1
16,26,437424.0,0
39,28,471100.0,0
51,22,370172.0,0
93,8,134624.0,0
157,11,185119.0,1
39,23,387090.0,0
184,12,201984.0,1
1,47,791151.0,0
228,24,404016.0,1
128,10,168350.0,0
40,11,185196.0,0
31,166,2794942.0,0
197,26,437788.0,1
9,298,5018022.0,3
37,117,1970397.0,0
64,64,1077888.0,0
43,379,6383497.0,3
50,11,185306.0,0
43,12,202164.0,0
53,14,235872.0,0
187,8,134792.0,1
334,19,320150.0,1
4,20,337020.0,0
10,9,151668.0,0
24,19,320245.0,0
15,2,33712.0,0
366,13,219154.0,1
106,72,1213848.0,0
60,8,134888.0,0
29,28,472164.0,0
141,11,185526.0,0
23,128,2159232.0,0
22,139,2345069.0,0
77,7,118104.0,0
5,289,4876297.0,3
64,123,2075625.0,0
12,156,2632812.0,0
25,6,101268.0,0
31,174,2937120.0,0
67,1,16881.0,0
67,39,658398.0,0
187,37,624671.0,1
38,26,438984.0,0
15,96,1620960.0,0
35,36,607932.0,0
195,135,2280015.0,1
2,186,3141726.0,0
1,99,1672308.0,0
367,45,760185.0,1
65,62,1047490.0,0
299,44,743468.0,1
26,158,2669884.0,0
8,123,2078577.0,0
12,82,1385800.0,0
116,44,743688.0,0
29,56,946568.0,0
4,665,11241160.0,3
5,200,3381000.0,0
82,86,1453916.0,0
29,140,2366980.0,0
64,19,321271.0,0
4,545,9215950.0,3
23,104,1758848.0,0
290,8,135304.0,1
36,30,507420.0,0
9,57,964155.0,0
24,136,2300576.0,0
277,9,152253.0,1
50,130,2199340.0,0
156,326,5515594.0,3
61,55,930655.0,0
12,650,10999950.0,3
21,87,1472388.0,0
371,14,236964.0,1
116,6,101562.0,0
80,208,3521024.0,0
4,77,1303533.0,0
26,53,897290.0,0
5,886,15000866.0,3
53,48,812736.0,0
1,49,829717.0,0
55,61,1032974.0,0
26,56,948416.0,0
9,236,3997368.0,0
52,305,5166700.0,3
13,279,4726818.0,3
212,33,559119.0,1
22,249,4219305.0,0
236,21,355887.0,1
139,19,322012.0,0
4,61,1033889.0,0
57,42,711900.0,0
123,87,1474737.0,0
109,16,271232.0,0
30,1,16953.0,0
1,54,915516.0,0
185,26,440830.0,1
9,18,305208.0,0
239,16,271312.0,1
87,7,118713.0,0
39,101,1712960.0,0
116,14,237454.0,0
187,7,118741.0,1
227,26,441090.0,1
8,31,525946.0,0
189,21,356307.0,1
4,31,526008.0,0
39,42,712698.0,0
3,42,712782.0,0
267,2,33952.0,1
78,39,662142.0,0
4,91,1545089.0,0
255,81,1375380.0,1
61,22,373604.0,0
13,144,2445552.0,0
78,411,6980424.0,3
17,121,2055185.0,0
30,3,50958.0,0
3,128,2174336.0,0
5,7,118916.0,0
7,12,203868.0,0
219,1,16990.0,1
11,95,1614240.0,0
372,1,16995.0,1
30,41,696836.0,0
288,12,203964.0,1
150,6,101988.0,1
23,23,390977.0,0
1,169,2873169.0,0
73,50,850100.0,0
46,43,731172.0,0
5,44,748264.0,0
51,53,901371.0,0
17,12,204120.0,0
30,15,255165.0,0
8,73,1242022.0,0
29,214,3641210.0,0
3,268,4560556.0,3
41,16,272288.0,0
11,228,3880332.0,0
31,7,119154.0,0
45,3,51072.0,0
61,9,153225.0,0
185,4,68104.0,1
79,150,2554050.0,0
111,2,34058.0,0
64,11,187330.0,0
12,22,374682.0,0
86,28,476924.0,0
16,32,545088.0,0
246,32,545120.0,1
78,77,1311849.0,0
30,22,374836.0,0
138,15,255600.0,0
27,70,1192870.0,0
3,97,1653074.0,0
32,102,1738386.0,0
9,10,170440.0,0
113,22,374990.0,0
157,22,375012.0,1
85,65,1108055.0,0
115,48,818304.0,0
3,321,5472729.0,3
96,308,5251400.0,3
194,42,716142.0,1
28,83,1415316.0,0
129,14,238742.0,0
28,84,1432536.0,0
82,62,1057596.0,0
30,514,8768326.0,3
266,5,85300.0,1
74,101,1723161.0,0
314,70,1194340.0,1
9,82,1399166.0,0
59,61,1040904.0,0
143,1,17065.0,1
12,297,5069196.0,3
28,154,2628626.0,0
114,62,1058340.0,0
9,148,2526508.0,0
18,174,2970702.0,0
18,80,1366000.0,0
36,25,426900.0,0
36,28,478184.0,0
78,2,34158.0,0
22,9,153720.0,0
25,63,1076103.0,0
33,81,1383642.0,0
109,52,888316.0,0
35,149,2545516.0,0
123,188,3211980.0,0
7,96,1640256.0,0
28,115,1965120.0,0
4,62,1059580.0,0
3,198,3384018.0,0
50,124,2119408.0,0
318,15,256410.0,1
22,77,1316315.0,0
9,52,888992.0,0
2,213,3641661.0,0
18,65,1111500.0,0
10,42,718242.0,0
262,1,17102.0,1
159,90,1539450.0,1
33,419,7167833.0,3
29,120,2053080.0,0
165,12,205320.0,1
47,29,496219.0,0
6,131,2241934.0,0
8,43,735945.0,0
288,9,154053.0,1
318,10,171180.0,1
3,38,650522.0,0
233,18,308160.0,1
119,7,119854.0,0
162,9,154107.0,1
185,31,530844.0,1
50,35,599375.0,0
152,250,4281500.0,0
335,14,239792.0,1
5,134,2295554.0,0
16,27,462591.0,0
107,23,394082.0,0
16,52,891020.0,0
276,24,411312.0,1
16,486,8329554.0,3
247,18,308520.0,1
239,15,257130.0,1
1,48,822912.0,0
106,35,600110.0,0
23,85,1457495.0,0
52,9,154332.0,0
195,16,274432.0,1
24,14,240142.0,0
75,23,394542.0,0
18,20,343100.0,0
8,15,257355.0,0
32,67,1149586.0,0
22,102,1750218.0,0
31,229,3929640.0,0
29,105,1802010.0,0
22,5,85815.0,0
33,145,2488780.0,0
284,10,171650.0,1
39,14,240324.0,0
50,60,1030140.0,0
289,16,274736.0,1
75,16,274752.0,0
5,87,1494051.0,0
218,4,68696.0,1
44,64,1099200.0,0
202,15,257640.0,1
178,80,1374320.0,1
56,128,2199040.0,0
57,23,395163.0,0
8,76,1305908.0,0
47,2,34372.0,0
227,10,171870.0,1
11,89,1529732.0,0
106,60,1031340.0,0
59,20,343800.0,0
28,236,4057076.0,0
36,35,601755.0,0
274,29,498626.0,1
30,29,498713.0,0
24,96,1651008.0,0
54,38,653638.0,0
36,148,2546044.0,0
169,67,1152668.0,1
54,13,223665.0,0
53,7,120442.0,0
27,213,3665943.0,0
253,4,68848.0,1
40,164,2822932.0,0
60,102,1755828.0,0
234,9,154953.0,1
4,271,4666078.0,3
32,25,430475.0,0
24,467,8041740.0,3
7,62,1067702.0,0
65,27,464994.0,0
310,48,826704.0,1
309,21,361746.0,1
19,47,809669.0,0
16,208,3583424.0,0
96,47,809763.0,0
264,73,1257790.0,1
12,536,9235816.0,3
3,35,603120.0,0
35,25,430825.0,0
183,14,241276.0,1
25,29,499815.0,0
13,105,1809780.0,0
11,19,327503.0,0
3,555,9567090.0,3
313,16,275824.0,1
108,40,689680.0,0
1,394,6793742.0,3
53,31,534564.0,0
205,9,155205.0,1
15,54,931338.0,0
120,69,1190112.0,0
4,56,966000.0,0
363,37,638287.0,1
117,86,1483672.0,0
18,18,310554.0,0
5,111,1915194.0,0
41,74,1276870.0,0
107,16,276096.0,0
148,116,2002044.0,0
52,12,207144.0,0
208,23,397049.0,1
139,122,2106330.0,0
2,73,1260418.0,0
127,37,638879.0,0
108,6,103608.0,0
42,116,2003552.0,0
35,25,431850.0,0
228,69,1192113.0,1
241,15,259170.0,1
58,9,155511.0,0
130,89,1538098.0,0
60,293,5064212.0,3
22,44,760584.0,0
26,122,2109014.0,0
9,140,2420320.0,0
32,105,1815345.0,0
4,96,1659840.0,0
308,1,17291.0,1
8,132,2282676.0,0
29,68,1176060.0,0
17,49,847553.0,0
101,30,518940.0,0
12,55,951445.0,0
21,59,1020759.0,0
15,81,1401462.0,0
361,53,917059.0,1
11,69,1194114.0,0
365,1,17307.0,1
95,12,207708.0,0
78,55,952105.0,0
139,14,242368.0,0
18,28,484764.0,0
25,136,2354704.0,0
1,485,8397775.0,3
46,11,190487.0,0
100,73,1264360.0,0
8,99,1714779.0,0
15,199,3447277.0,0
18,49,848876.0,0
280,6,103950.0,1
14,33,571857.0,0
23,6,103980.0,0
124,1,17331.0,0
86,28,485324.0,0
301,12,208008.0,1
151,526,9119262.0,3
17,725,12570050.0,3
94,9,156051.0,0
9,424,7352160.0,3
157,157,2722537.0,1
355,17,294831.0,1
46,31,537664.0,0
15,83,1439635.0,0
4,486,8430156.0,3
86,1,17347.0,0
15,213,3695124.0,0
179,8,138792.0,1
8,71,1231850.0,0
36,27,468477.0,0
129,8,138824.0,0
51,16,277664.0,0
312,19,329764.0,1
24,44,763708.0,0
303,58,1006764.0,1
11,15,260385.0,0
17,125,2170000.0,0
49,29,503469.0,0
239,35,607670.0,1
1,409,7101876.0,3
13,465,8074725.0,3
238,33,573111.0,1
23,124,2153632.0,0
73,33,573210.0,0
17,86,1493906.0,0
41,251,4360372.0,0
40,57,990261.0,0
219,28,486472.0,1
190,71,1233625.0,1
71,24,417024.0,0
24,405,7037685.0,3
11,78,1355562.0,0
9,110,1911910.0,0
65,2,34764.0,0
4,49,851767.0,0
19,15,260760.0,0
15,45,782325.0,0
8,28,486808.0,0
20,76,1321412.0,0
78,15,260820.0,0
1,224,3895136.0,0
164,3,52173.0,1
307,56,973952.0,1
219,4,69576.0,1
39,27,469692.0,0
22,89,1548333.0,0
115,38,661124.0,0
126,206,3584400.0,0
5,59,1026718.0,0
36,32,556896.0,0
4,201,3498204.0,0
1,94,1636070.0,0
330,114,1984284.0,1
163,2,34816.0,1
185,13,226317.0,1
16,64,1114240.0,0
12,43,748673.0,0
3,66,1149192.0,0
44,6,104484.0,0
80,14,243810.0,0
30,271,4719736.0,3
42,30,522540.0,0
11,208,3623152.0,0
50,30,522600.0,0
16,135,2351970.0,0
45,28,487844.0,0
19,43,749275.0,0
4,272,4739872.0,3
72,2,34854.0,0
1,343,5977804.0,3
121,42,732018.0,0
33,14,244020.0,0
313,43,749533.0,1
18,48,836736.0,0
88,54,941382.0,0
2,138,2405892.0,0
2,9,156924.0,0
247,19,331322.0,1
148,8,139520.0,1
29,140,2441880.0,0
220,1,17443.0,1
148,135,2354940.0,0
177,9,157014.0,1
40,36,628092.0,0
145,1,17448.0,1
2,278,4850822.0,3
8,350,6107500.0,3
1,107,1867257.0,0
18,19,331607.0,0
192,61,1064694.0,1
204,8,139640.0,1
365,17,296752.0,1
127,19,331683.0,0
15,54,942732.0,0
43,111,1937949.0,0
79,37,646020.0,0
23,106,1850866.0,0
51,28,488936.0,0
16,212,3702156.0,0
158,9,157176.0,1
10,41,716106.0,0
10,5,87340.0,0
16,90,1572210.0,0
45,78,1362660.0,0
191,174,3040128.0,1
79,14,244650.0,0
74,31,541880.0,0
4,83,1450923.0,0
65,21,367143.0,0
261,24,419664.0,1
59,29,507181.0,0
1,86,1504140.0,0
1,110,1924010.0,0
248,12,209904.0,1
8,27,472365.0,0
359,10,174960.0,1
76,17,297466.0,0
290,40,699960.0,1
17,5,87500.0,0
221,18,315018.0,1
9,28,490056.0,0
3,38,665114.0,0
206,140,2450560.0,1
162,52,910260.0,1
70,16,280096.0,0
262,88,1540616.0,1
281,22,385176.0,1
58,367,6425803.0,3
25,20,350200.0,0
3,1076,18841836.0,3
29,106,1856272.0,0
72,6,105078.0,0
128,40,700560.0,0
31,87,1523805.0,0
15,135,2364660.0,0
309,11,192687.0,1
17,83,1454077.0,0
54,30,525600.0,0
24,46,805966.0,0
2,73,1279106.0,0
11,33,578259.0,0
361,6,105144.0,1
360,9,157725.0,1
1,23,403098.0,0
54,49,858823.0,0
1,260,4557280.0,3
1,390,6836700.0,3
121,15,262965.0,0
54,9,157806.0,0
280,13,227955.0,1
177,3,52608.0,1
30,74,1297738.0,0
26,9,157842.0,0
9,26,456040.0,0
270,25,438550.0,1
43,141,2473845.0,0
372,2,35094.0,1
218,17,298316.0,1
24,6,105294.0,0
197,42,737100.0,1
359,39,684489.0,1
43,51,895152.0,0
130,2,35106.0,0
1,88,1544752.0,0
20,105,1843275.0,0
206,6,105336.0,1
14,34,596938.0,0
95,27,474120.0,0
19,45,790245.0,0
14,64,1123968.0,0
24,49,860636.0,0
8,142,2494372.0,0
7,177,3109359.0,0
332,29,509501.0,1
50,271,4761741.0,3
71,12,210864.0,0
29,26,456898.0,0
243,8,140592.0,1
8,408,7171008.0,3
191,6,105468.0,1
5,52,914108.0,0
253,45,791100.0,1
1,451,7929031.0,3
236,29,509878.0,1
7,36,633024.0,0
109,208,3657680.0,0
100,23,404524.0,0
60,253,4450017.0,0
2,196,3447640.0,0
73,158,2779378.0,0
4,214,3764902.0,0
85,50,879700.0,0
12,82,1442790.0,0
23,265,4662940.0,3
214,55,967835.0,1
18,13,228800.0,0
239,9,158409.0,1
2,556,9786712.0,3
50,15,264045.0,0
217,63,1109052.0,1
33,56,986048.0,0
41,234,4120506.0,0
4,573,10091103.0,3
53,142,2500904.0,0
23,313,5512869.0,3
57,98,1726172.0,0
130,14,246610.0,0
174,3,52848.0,1
6,67,1180406.0,0
312,74,1303806.0,1
60,4,70480.0,0
21,27,475767.0,0
33,33,581559.0,0
15,50,881200.0,0
18,306,5393250.0,3
81,5,88140.0,0
6,124,2185996.0,0
170,26,458380.0,1
2,39,687609.0,0
31,72,1269576.0,0
36,296,5219664.0,3
9,24,423264.0,0
31,35,617295.0,0
276,7,123473.0,1
87,5,88200.0,0
120,40,705680.0,0
373,8,141144.0,1
1,169,2981836.0,0
219,54,952884.0,1
65,7,123529.0,0
61,92,1623616.0,0
135,53,935397.0,0
21,8,141200.0,0
12,239,4218589.0,0
25,270,4766040.0,3
29,50,882650.0,0
277,22,388388.0,1
11,93,1641915.0,0
73,82,1447792.0,0
11,23,406134.0,0
4,161,2843099.0,0
141,38,671080.0,0
26,90,1589670.0,0
19,43,759552.0,0
4,18,317988.0,0
66,117,2067039.0,0
1,15,265020.0,0
43,68,1201492.0,0
228,11,194370.0,1
16,61,1077931.0,0
44,115,2032280.0,0
1,219,3870387.0,0
74,27,477198.0,0
1,721,12743675.0,3
4,78,1378728.0,0
2,320,5656640.0,3
264,16,282848.0,1
53,30,530370.0,0
24,11,194480.0,0
10,119,2104158.0,0
44,15,265260.0,0
17,127,2245995.0,0
7,286,5058196.0,3
30,254,4493260.0,0
358,19,336129.0,1
127,47,831524.0,0
136,18,318474.0,0
142,15,265410.0,0
132,35,619325.0,0
38,126,2229696.0,0
236,19,336243.0,1
261,8,141584.0,1
17,146,2584200.0,0
253,24,424824.0,1
30,80,1416160.0,0
35,55,973665.0,0
169,31,548824.0,1
3,108,1912140.0,0
4,395,6993870.0,3
185,5,88535.0,1
188,34,602072.0,1
170,7,123963.0,1
11,23,407353.0,0
45,29,513648.0,0
321,10,177140.0,1
201,1,17715.0,1
23,254,4499864.0,0
232,6,106308.0,1
38,278,4925882.0,3
26,50,886000.0,0
96,120,2126640.0,0
127,10,177230.0,0
58,45,797580.0,0
16,198,3509550.0,0
9,67,1187709.0,0
4,169,2996032.0,0
3,220,3900600.0,0
79,83,1471673.0,0
373,18,319176.0,1
39,35,620655.0,0
54,43,762562.0,0
2,690,12237150.0,3
9,26,461136.0,0
9,10,177370.0,0
19,99,1756062.0,0
12,48,851472.0,0
113,15,266130.0,0
4,137,2430928.0,0
235,8,141968.0,1
100,2,35494.0,0
178,35,621215.0,1
5,184,3266000.0,0
359,1,17752.0,1
1,90,1597860.0,0
1,741,13157937.0,3
19,404,7174232.0,3
17,90,1598310.0,0
22,25,444000.0,0
33,19,337459.0,0
263,1,17763.0,1
51,71,1261244.0,0
159,56,994840.0,1
15,21,373107.0,0
8,98,1741264.0,0
13,307,5455083.0,3
199,38,675260.0,1
57,54,959634.0,0
11,50,888600.0,0
97,154,2737196.0,0
255,3,53325.0,1
25,190,3377630.0,0
21,83,1475657.0,0
159,12,213372.0,1
72,67,1191461.0,0
53,13,231205.0,0
85,68,1209448.0,0
153,128,2276736.0,0
74,5,88940.0,0
281,14,249046.0,1
27,189,3362310.0,0
30,10,177910.0,0
25,52,925236.0,0
180,45,800775.0,1
40,81,1441476.0,0
22,111,1975467.0,0
22,406,7226394.0,3
37,103,1833400.0,0
82,147,2616894.0,0
74,10,178050.0,0
11,43,765658.0,0
16,64,1139776.0,0
4,849,15121539.0,3
13,133,2368996.0,0
14,355,6323615.0,3
37,17,302872.0,0
4,33,587961.0,0
72,49,873131.0,0
191,5,89100.0,1
51,13,231712.0,0
5,215,3832805.0,0
9,82,1461896.0,0
299,30,534870.0,1
2,23,410090.0,0
33,2,35662.0,0
50,61,1087752.0,0
3,59,1052265.0,0
47,24,428064.0,0
42,165,2943105.0,0
27,132,2354616.0,0
42,52,927628.0,0
2,7812,139373892.0,2
303,37,660191.0,1
107,5,89220.0,0
85,1,17846.0,0
81,51,910248.0,0
218,26,464074.0,1
302,309,5515650.0,1
12,24,428448.0,0
185,15,267810.0,1
373,17,303535.0,1
2,17,303552.0,0
3,56,999992.0,0
6,197,3518026.0,0
305,23,410757.0,1
369,52,928720.0,1
3,220,3929420.0,0
324,11,196482.0,1
59,148,2643724.0,0
13,90,1607760.0,0
31,389,6949485.0,3
143,10,178660.0,0
30,70,1250690.0,0
107,40,714760.0,0
2,271,4842770.0,3
205,10,178710.0,1
80,45,804285.0,0
185,47,840078.0,1
170,12,214524.0,1
44,26,464828.0,0
174,6,107274.0,1
365,26,464880.0,1
304,8,143048.0,1
3,142,2539386.0,0
4,113,2020892.0,0
12,53,947905.0,0
32,102,1824372.0,0
129,10,178870.0,0
19,79,1413152.0,0
212,20,357780.0,1
323,91,1627990.0,1
162,34,608294.0,1
56,28,500976.0,0
225,15,268395.0,1
72,192,3435648.0,0
44,15,268425.0,0
23,2,35792.0,0
173,109,1950773.0,1
85,28,501144.0,0
159,31,554869.0,1
165,11,196900.0,1
29,19,340119.0,0
21,35,626640.0,0
71,33,590865.0,0
247,12,214872.0,1
374,54,967032.0,1
9,39,698529.0,0
310,39,698568.0,1
59,58,1038954.0,0
4,75,1343550.0,0
45,92,1648364.0,0
88,23,412137.0,0
4,665,11916800.0,3
64,142,2544782.0,0
282,1,17923.0,1
1,38,681112.0,0
373,1,17925.0,1
133,21,376446.0,0
45,23,412344.0,0
11,6,107574.0,0
36,39,699270.0,0
134,65,1165515.0,0
29,90,1613880.0,0
52,21,376614.0,0
138,29,520115.0,0
5,72,1291392.0,0
9,43,771291.0,0
160,12,215268.0,1
49,22,394680.0,0
131,2,35882.0,0
8,2,35884.0,0
233,20,358920.0,1
37,9,161523.0,0
147,1,17948.0,1
1,79,1417971.0,0
72,72,1292400.0,0
40,21,376971.0,0
5,481,8635874.0,3
199,19,341145.0,1
249,1,17956.0,1
66,31,556667.0,0
117,7,125706.0,0
171,26,466960.0,1
21,249,4472289.0,0
142,34,610708.0,0
32,98,1760472.0,0
38,325,5838625.0,3
38,68,1221688.0,0
372,42,754614.0,1
374,81,1455408.0,1
166,14,251566.0,1
211,29,521130.0,1
242,30,539160.0,1
52,15,269595.0,0
25,165,2965710.0,0
15,294,5284650.0,3
372,57,1024632.0,1
29,21,377517.0,0
365,12,215736.0,1
36,139,2499081.0,0
166,30,539400.0,1
145,48,863232.0,0
22,21,377685.0,0
56,1,17986.0,0
185,13,233831.0,1
12,39,701532.0,0
237,29,521710.0,1
225,5,89955.0,1
122,82,1475508.0,0
282,2,35990.0,1
74,178,3203466.0,0
37,91,1637909.0,0
12,57,1026057.0,0
362,37,666148.0,1
4,53,954265.0,0
23,22,396132.0,0
70,30,540240.0,0
235,32,576288.0,1
257,14,252140.0,1
373,28,504308.0,1
155,31,558403.0,1
28,30,540420.0,0
4,46,828690.0,0
32,122,2197952.0,0
81,3,54051.0,0
108,29,522522.0,0
52,5,90095.0,0
36,164,2955608.0,0
153,22,396528.0,1
99,21,378567.0,0
4,10,180300.0,0
334,5,90160.0,1
65,33,595089.0,0
22,110,1983740.0,0
36,49,883715.0,0
32,94,1695384.0,0
154,19,342703.0,1
19,19,342760.0,0
12,460,8298860.0,3
54,7,126294.0,0
25,115,2074945.0,0
4,128,2309632.0,0
45,43,775935.0,0
203,7,126336.0,1
359,5,90250.0,1
66,21,379113.0,0
7,361,6517855.0,3
288,19,343064.0,1
10,3,54174.0,0
9,21,379239.0,0
22,46,830806.0,0
173,27,487674.0,1
133,7,126448.0,0
6,138,2492970.0,0
75,10,180660.0,0
40,37,668479.0,0
289,1,18068.0,1
26,459,8293671.0,3
258,25,451775.0,1
155,36,650592.0,1
114,75,1355475.0,0
374,13,234962.0,1
23,153,2765475.0,0
8,223,4031171.0,0
217,29,524262.0,1
45,123,2223717.0,0
19,2,36160.0,0
36,17,307377.0,0
26,70,1265740.0,0
16,2,36168.0,0
330,29,524465.0,1
274,7,126602.0,1
98,7,126609.0,0
61,37,669256.0,0
2,90,1628280.0,0
93,38,687534.0,0
82,70,1266580.0,0
313,21,379995.0,1
12,196,3546816.0,0
8,107,1936379.0,0
127,19,343881.0,0
11,40,724040.0,0
1,433,7838166.0,3
37,38,687952.0,0
38,18,325890.0,0
330,37,669922.0,1
249,19,344052.0,1
2,451,8167159.0,3
19,40,724400.0,0
12,26,470912.0,0
369,1,18113.0,1
290,28,507192.0,1
68,371,6721036.0,3
26,72,1304424.0,0
11,1268,22973624.0,3
368,29,525451.0,1
214,17,308040.0,1
149,31,561751.0,1
8,357,6469554.0,3
24,34,616182.0,0
30,193,3498125.0,0
61,52,942552.0,0
19,46,833842.0,0
243,14,253806.0,1
9,71,1287230.0,0
211,2,36266.0,1
29,20,362700.0,0
63,39,707304.0,0
295,8,145104.0,1
17,162,2938518.0,0
361,1,18141.0,1
151,18,326556.0,1
117,61,1106723.0,0
8,43,780192.0,0
13,221,4010045.0,0
141,10,181460.0,0
46,7,127029.0,0
51,16,290384.0,0
32,37,671550.0,0
135,38,689738.0,0
3,21,381234.0,0
75,28,508340.0,0
13,122,2215032.0,0
9,35,635530.0,0
301,23,417657.0,1
57,39,708240.0,0
10,81,1471041.0,0
31,25,454100.0,0
177,10,181650.0,1
4,43,781181.0,0
176,139,2525352.0,1
61,9,163521.0,0
33,38,690460.0,0
59,56,1017576.0,0
15,197,3579884.0,0
87,31,563363.0,0
7,1,18174.0,0
354,33,599808.0,1
31,74,1345098.0,0
114,99,1799622.0,0
9,90,1636110.0,0
5,119,2163420.0,0
24,41,745421.0,0
218,44,800052.0,1
15,1,18184.0,0
249,17,309145.0,1
15,72,1309536.0,0
78,69,1255041.0,0
192,16,291040.0,1
262,7,127337.0,1
72,45,818640.0,0
151,18,327474.0,1
64,9,163746.0,0
95,139,2529244.0,0
4,166,3020868.0,0
106,30,546000.0,0
200,68,1237736.0,1
157,19,345857.0,1
71,194,3531576.0,0
36,32,582560.0,0
29,8,145672.0,0
2,134,2440140.0,0
26,42,764862.0,0
326,34,619208.0,1
237,15,273195.0,1
89,13,236795.0,0
31,26,473616.0,0
29,31,564727.0,0
206,23,419014.0,1
3,115,2095185.0,0
220,4,72880.0,1
22,65,1184365.0,0
93,19,346218.0,0
2,299,5448677.0,3
264,10,182240.0,1
3,284,5175900.0,3
39,245,4465370.0,0
218,5,91135.0,1
50,32,583296.0,0
12,164,2989556.0,0
9,89,1622470.0,0
192,125,2278875.0,1
82,40,729280.0,0
326,1,18233.0,1
72,104,1896440.0,0
30,49,893564.0,0
3,61,1112457.0,0
219,88,1605032.0,1
46,6,109440.0,0
10,105,1915305.0,0
72,78,1422876.0,0
7,177,3229365.0,0
24,4,72984.0,0
114,49,894152.0,0
17,8,145992.0,0
301,22,401500.0,1
87,16,292016.0,0
51,94,1715688.0,0
89,6,109530.0,0
355,4,73024.0,1
39,123,2245611.0,0
25,42,766878.0,0
173,139,2538140.0,1
43,21,383481.0,0
140,13,237406.0,0
23,62,1132306.0,0
72,46,840190.0,0
134,2,36536.0,0
358,8,146152.0,1
38,13,237510.0,0
3,170,3106240.0,0
2,3,54819.0,0
18,22,402028.0,0
21,16,292416.0,0
58,9,164493.0,0
74,9,164502.0,0
278,10,182800.0,1
181,7,127967.0,1
8,13,237666.0,0
4,721,13182043.0,3
43,70,1280090.0,0
